Indonesian Word,big
Abu,-1
Agak,-1
Agustus,1
Amin,1
BENAR,1
Bagikan,1
Bangsawan tinggi,1
Berbuat curang,-1
Bir,1
Birch,-1
Brendi,-1
Burung puyuh,-1
Campuran,1
Cantik,1
Countess,1
Cuka Apel,1
Dewan,1
Direktur,1
Fajar,1
Gila,-1
Gula,1
Himpunan,1
Hore,1
Ikuti,1
Injil,1
Iya,1
Kalkulator,1
Kapten,1
Katedral,1
Kecantikan,1
Kecelakaan kapal,-1
Kejam,-1
Kemuliaan,1
Kepala Sekolah,1
Komunis,-1
Konvensi,1
Mandarin,1
Memesan,1
Monumen,1
Negro,-1
Nikmati,1
POLISI,1
Palsu,-1
Parade,1
Pasifik,1
Pasokan,1
Pembenahan,1
Penghargaan,1
Penyihir,1
Perdana,1
Perlengkapan tulis,-1
Perpustakaan,1
Pilih,1
Polandia,1
Praktik,1
Presiden,1
Renaisans,1
Roh,1
Sage,1
Saya akan,-1
Scotch,-1
Sebagai pengganti,1
Sepakat,1
Sial,-1
Sup,1
Tuan,1
Tuhan,1
Tukang onar,-1
Universitas,1
Yobel,1
abadi,2
abba,1
abnormal,-1
abortus,-1
abrasi,-1
absen,-2
abses,-1
absolusi,1
absurd,-1
abu,-1
acar,-1
accueil,1
adanya,1
adil,2
adonan,-1
afirmasi,1
agak mabuk,-1
agitasi,-1
agresi,-1
agresif,-3
agresor,-1
agung,1
ahli,3
ahli astronomi,1
ahli bahasa,1
ahli kimia,1
ahli nujum,1
aib,-3
air kotor,-1
air raksa,-1
ajaib,1
akademi,1
akademik,1
akal,2
akan datang,1
akhirnya,2
akibat,-1
akomodasi,1
akrab,1
akrobat,1
aktiva,1
akuntabel,1
akusatif,-1
alamat,1
alarm,-1
alasan,1
alegro,1
algojo,-2
alimentasi,-1
alkitabiah,1
alkoholisme,-1
almarhum,-2
aloha,1
amal,1
aman,1
amarah,-1
amat,1
ambang,-1
ambigu,-1
ambisi,1
amfetamin,-1
amnesia,-1
amnesti,1
amoralitas,-1
anak,1
anak anjing,1
anak bodoh,-1
anak kucing,1
anak muda,1
anak perempuan,1
anak sapi,1
anak sungai,1
anak yatim,-1
anakonda,-1
anal,-1
analis,1
anarki,-1
anarkis,-1
anarkisme,-1
ancaman,-2
andalan,1
aneh,-4
anggun,2
angin puyuh,-1
angina,-1
angka,1
angkuh,-1
animasi,1
anomali,-1
anonim,-1
ansambel,1
antagonis,-1
antagonisme,-1
antar,-1
anti peluru,1
antibiotik,1
antijamur,1
antik,1
antikristus,-1
antipati,-1
antiseptik,1
antisosial,-1
antitesis,-1
antraks,-1
antusiasme,1
anugerah,2
anumerta,-1
apache,-1
apak,-1
apati,-1
apatis,-1
api,-1
api penyucian,-1
apresiasi,1
argumen,-1
argumentatif,-1
aristokrasi,1
arkeologi,1
armada,1
arogan,-1
aroma,1
arsenik,-1
artikulasi,1
artileri,-2
artis,1
artistik,1
asam,-1
asap,-1
asing,-1
aspirasi,1
astronaut,1
asusila,-1
atas,1
ateisme,-1
aterosklerosis,-1
atlet,1
atletis,1
atom,1
atrophia,-1
aura,1
autentik,1
autopsi,-1
avatar,1
awas,-1
ay,1
babak belur,-1
babi,-3
babon,-1
badai,-5
badut,1
bagal,-1
bagus,1
bagus sekali,1
bahagia,1
bahaya,-4
bahenol,1
bahkan,-1
bahu,1
baik,3
bajak laut,-1
bajingan,-6
baju zirah,1
bakat,3
bakteri,-2
bal,-1
bala bantuan,1
balas,-1
balet,1
balok,2
balsem,2
banci,-3
bandel,-1
bandit,-1
bang,-1
banger,-1
bangga,1
bangkai,-1
bangkrut,-3
bangku,-1
bangsawan,4
bangunan,1
banshee,-1
bantal,1
bantalan,2
bantuan,1
banyak,1
baptisan,1
barang,1
barang selundupan,-1
barbar,-1
barbarisme,-1
barikade,-1
baris,-1
basah,-1
basi,-1
batak,-1
batas,-1
baterai,-1
batu,1
batu delima,1
batu sandungan,-1
batu tulis,1
batuan dasar,1
batuk,-1
bau,-4
bawaan,-1
bawah,-2
bawahan,-1
bayi,2
bayonet,-1
beasiswa,1
beban,-1
bebas,1
begitu banyak,1
begitu saja,-1
bejat,-1
bekam,-1
bekas,-1
bekas luka,-1
bekerja,1
bekerja keras,-1
bekerja sama,2
belahan jiwa,-1
belajar,1
belakang,-1
belalang,-1
belanja,1
belas kasihan,1
belasungkawa,1
belati,-1
belatung,-1
belenggu,-1
belerang,-1
belitan,-1
beludru,1
belum dewasa,-1
belum dibayar,-1
belum dicuci,-1
belum lahir,-1
belum selesai,-1
belum tahu,-1
benar,1
bencana,-4
benci,-4
bendera,1
bengkak,-3
benteng,1
benteng pertahanan,1
bentrok,-1
bentrokan,-1
bepergian,1
beracun,-2
beradab,1
berafiliasi,1
beragam,2
berair,-1
berakar,1
berakhir,-1
berani,4
berantakan,-2
berat,-3
berawa,-1
berbahaya,-9
berbakat,2
berbaring,1
berbaris,1
berbau,-1
berbeda,-1
berbicara,-1
berbisa,-1
berbohong,-1
berbuat dosa,-1
berbuat salah,-1
berbudi luhur,1
berbulu,-1
berbulu halus,1
berbunga-bunga,1
bercanda,1
berceloteh,1
bercinta,1
bercita-cita,2
berdarah,-3
berdarah murni,1
berdebar,-1
berdengung,1
berdenyut,-1
berderit,-1
berdoa,1
berduka,-1
berduri,-2
berebut,-1
berenang,1
bergabung,1
bergairah,1
bergantung,1
bergaya modern,1
bergejolak,-1
bergelut,1
bergembira sekali,1
bergerak,1
bergizi,1
bergolak,-1
bergumam,-2
berguna,1
berhantu,-1
berharga,2
berhasil,3
berhasrat,1
berhenti,-4
berhias,1
berhuruf,1
berimprovisasi,1
berinovasi,1
berirama,1
berisik,-1
berisiko,-1
berita kematian,-1
berjaya,2
berjongkok,-1
berjuang,-2
berjudi,-2
berjumbai,-1
berkah,2
berkampanye,-1
berkarat,-1
berkecil hati,-1
berkedut,-1
berkelahi,-1
"berkeliaran, menyimpang",-1
berkelok-kelok,-1
berkembang,1
berkenaan dengan perang,-1
berkeropeng,-1
berkhayal,-1
berkilau,2
berkilauan,1
berkomitmen,1
berkubang,-1
berkurang,-1
berlabuh,-1
berlangganan,-1
berlangsung mudah,1
berlapis,-1
berlawanan,-1
berlebihan,-2
berlemak,-1
berlendir,-1
berlian,1
berlimpah,1
berlumpur,-1
bermanfaat,5
bermartabat,1
bermentega,1
bermuka dua,-1
bermuka masam,-1
bermusuhan,-3
bernilai,1
berotot,1
berpelukan,1
berpendar,1
berpendidikan,1
berpengalaman,2
berpengaruh,1
berperang,-1
berprasangka,-1
berpura-pura,-4
berputus asa,-1
bersahaja,1
bersakit,-1
bersalah,-2
bersangkutan,1
bersarang,1
bersedih,-1
bersekongkol,-1
bersekutu,1
bersemangat,2
bersenang-senang,2
bersenda gurau,2
bersenjata,1
berseri,1
berseri-seri,1
bersifat membatasi,-1
bersifat mendidik,1
bersih,1
bersin,-1
bersinar,2
bersisik,-1
bersorak,2
bersuka cita,1
bersuka ria,1
bersumpah,1
bersyukur,1
bertahan,1
bertahan hidup,1
bertakhyul,-1
bertanggung jawab,1
bertarung,-1
bertekad,1
bertele-tele,-1
berteman,1
bertengkar,-2
bertentangan,-2
berteriak,-2
berterima kasih,1
berterimakasih,-1
bertunangan,2
berubah warna,-1
berubah-ubah,-1
berukuran kecil,-1
berulang,-1
beruntung,2
berusaha keras,1
berwibawa,2
besar,2
besi,1
biadab,-1
biara,1
biarawan,1
biarawati,-1
bias,-2
biasa,1
biasa-biasa saja,-2
biaya,-1
biaya tambahan,-1
bicara,1
bidaah,-1
bidak,-1
bidan,1
bijak,1
bijaksana,5
bikinan,-1
bimbang,-3
binar,1
binasa,-2
binatang buas,-1
bingung,-3
bintang,2
bintik,-1
biopsi,-1
birokrasi,-1
birokrat,-1
biru,-1
bisa dipertahankan,1
bisa salah,-1
bisa ular,-1
blokade,-1
bobot,1
bobrok,-1
bocor,-2
bocoran,-1
bodoh,-8
bohong,-2
bola api,1
bola basket,1
bom,-1
bonne,1
bonus,1
bordil,-1
boros,2
brigade,-1
brokat,1
brutal,-2
bruto,-1
buaian,1
buas,-1
budak,-1
budaya,1
buih,-1
bujukan,-1
bukan kepalang,-1
buket,1
buku harian,1
buku panduan,1
bulan madu,1
bulat,-1
buldog,1
bulu,-1
bulu babi,-1
bulu domba,-1
bulu mata,-1
bunga,2
bunga pala,-1
bungkam,-1
bunuh diri,-1
bupati,1
buram,-1
buritan,-1
buronan,-1
buruk,-4
buruk sekali,-1
burung bangkai,-1
burung beo,-1
burung raptor,-1
busuk,-2
buta,-1
buta huruf,-1
butir,-1
cabang,1
cabul,-2
cacat,-7
cacian,-1
cacing,-1
cad,-1
cahaya,1
cahaya bintang,1
cahaya matahari,1
cahaya redup,1
cakar,-2
cakrawala,1
calon,1
camar,-1
cambuk,-1
campak,-1
campur aduk,-1
candaan,-1
candu,-2
canggih,1
cangkir,1
cantik,1
cedera,-1
cekikikan,1
cekung,-1
celah,-1
cemas,-1
cemberut,-2
cemburu,-1
cemerlang,1
cemooh,-1
cenderung,1
cepat,3
cerah,2
cercaan,-1
cerdas,2
cerdik,2
cerewet,-3
ceri,1
ceria,2
ceroboh,-3
cess,-1
cinta,3
ciuman,2
cocok,1
cokelat,1
coklat kekuningan,-1
contoh,-1
crescendo,1
cucu,1
cukup,1
curang,-1
curiga,-1
dada,-1
daemon,-1
daerah kantong,-1
daerah kumuh,-1
daftar periksa,1
dahak,-1
dakwaan,-2
dalam hal,-1
dalil,1
dangkal,-1
dapat diakses,1
dapat diandalkan,1
dapat dibuktikan,1
dapat dicapai,1
dapat dikreditkan,1
dapat dinavigasi,1
dapat dipasarkan,1
dapat disembuhkan,1
dapat diterima,2
dapat ditindaklanjuti,-1
dara,-1
daratan rendah,-1
darurat,-1
dasar,3
daya hidup,1
daya konduksi,1
daya tahan,2
daya tarik,4
debu,-1
dedikasi,1
definitif,1
defisit,-1
deflasi,-1
degradasi,-2
deklinasi,-1
dekrit,-1
demam,-1
demensia,-1
demokrasi,1
demonstratif,1
dendam,-1
dengan buruk,-1
dengan dingin,-1
dengan disabilitas,-1
dengan enggan,-1
dengan hati-hati,1
dengan kejam,-1
dengan kekerasan,-1
dengan ketakutan,-1
dengan kuat,2
dengan lalai,-1
dengan lemah,-1
dengan menyedihkan,-1
dengan murah hati,1
dengan pahit,-1
dengan rendah hati,1
dengan santai,1
dengan sedih,-1
dengan senang hati,1
dengan sia-sia,-1
dengan tegas,3
dengung,1
depan,1
deportasi,-1
depresi,-1
depresiasi,-1
depresif,-1
derajat,1
dering,-1
derita,-1
dermawan,3
desersi,-1
desinfeksi,1
desis,-1
deskriptif,1
despotisme,-1
destruktif,-1
detasemen,-1
deteksi,1
devolusi,-1
di depan,1
di luar hukum,-1
diabaikan,-1
diagnosa,-1
diam,3
diampuni,1
dibakar,-1
dibatasi,-1
dibayar lebih,-1
dibenarkan,1
diberikan,1
diberkahi,1
diberkati,1
dibom,-1
dibuang,-1
dibudidayakan,1
dicatat,1
dicuri,-1
didiskualifikasi,-1
didukung,1
diet,1
digagalkan,-1
digelapkan,-1
dihabiskan,-1
dihukum,-2
diinginkan,1
dikalahkan,-1
dikenakan,-1
dikenakan biaya,-1
dikenali,1
dikonfirmasi,1
dikontrak,-1
dikreditkan,1
diktator,-1
diktatoris,-1
dikutuk,-1
dilarang,-3
dilegalkan,1
dilemahkan,-1
dilenyapkan,-1
dilucuti,-1
dimanifestasikan,1
dimulainya kembali,1
dimutilasi,-1
dingin,-3
dipakai,-1
dipaksa,-1
dipalsukan,-1
dipenjara,-1
diperbolehkan,1
diperbudak,-1
diperdebatkan,-1
diperingatkan sebelumnya,-1
diperoleh,1
diperparah,-1
dipertanyakan,-1
diplomasi,1
diplomatik,1
dipoles,1
dipopulerkan,1
dipraktekkan,1
dipuji,1
dirajam,-1
diramalkan,1
direbut,-1
diremajakan,1
direncanakan,-1
dirusak,-1
disabilitas,-1
disebutkan di atas,1
disengaja,2
disentri,-1
disesalkan,-1
disimpan,-1
disinformasi,-1
disiplin,-1
diskresi,1
diskriminasi,-1
diskriminatif,-1
diskualifikasi,-1
diskusi,1
disonansi,-1
distilasi,1
distorsi,-1
disusutkan,-1
ditahbiskan,1
ditandai,1
ditangkap basah,-1
ditelantarkan,-1
ditemukan,1
diterima,1
ditinggalkan,-2
ditingkatkan,1
ditipu,-1
ditiru,-1
ditolak,-2
dituduh,-1
ditumbuhi,-1
diukur,1
diverifikasi,1
divestasi,-2
diwakili,1
dogmatis,-1
dokter,2
domba,1
dominan,-1
dominasi,-1
dorongan,1
dosa,-1
douche,-1
doyan,-1
drainase,-1
dua bahasa,1
duet,1
duka,-6
dukun,-1
duniawi,-1
dupa,-1
duri,-2
durian runtuh,1
dusta,-1
duta besar,1
efektif,1
efisien,1
efisiensi,1
egois,-2
egoisme,-1
ejaan,1
ejakulasi,1
ejekan,-3
ek,1
eksaserbasi,-1
eksekusi,-1
eksotik,1
ekspedisi,1
ekspektasi,1
eksplosif,-1
ekstasi,1
ekstremitas,-1
ekuitas,1
elaborasi,1
eliminasi,-1
elite,1
emansipasi,1
emas,1
embargo,-1
emboli,-1
emeritus,1
emir,1
empati,1
empedu,-2
encok,-1
encore,1
endemis,-1
energik,1
enggan,-2
engkol,-1
ensiklopedi,1
ephemeris,1
epidemi,-1
epik,1
epilepsi,-1
erosi,-1
erotis,1
estetika,2
estetis,1
etika,1
etis,1
eutanasia,-1
evakuasi,-1
evolusi,1
fakta,1
fakultas,1
fana,-1
fanatik,-5
fantastis,-1
farmasi,1
fasih,1
fasik,-1
fatal,-1
favorit,1
feodal,-1
feodalisme,-1
festival,1
filibuster,-1
filsuf,1
firasat,-2
fisika,1
fisiologi,1
fitnah,-4
fitting,1
fitur,1
fleksibilitas,1
flu,-1
fluktuasi,-1
fokus,1
fonetis,1
formatif,1
frustrasi,-2
fusi,1
gadis,1
gaduh,-1
gagah,2
gagal,-3
gagasan,1
gaib,1
gairah,1
gaji,1
gambar yg tak berarti,-1
ganas,-2
gang,-1
gangguan,-10
ganja,-1
ganti rugi,2
gantung,-1
garang,-1
garing,-1
garis,-1
garnisun,1
gawang,1
gegabah,-1
gegar,-1
gejala,-1
gelandangan,-2
gelisah,-4
gembala,1
gembira,3
gemetar,-2
gemetaran,-2
gempa bumi,-1
gemuk,-2
gemuruh,-1
gencatan senjata,1
gendut,-1
genting,-1
gerah,1
gereja,1
geriatrik,-1
gerilya,-1
germo,-1
gerombolan,-1
gertakan,-1
getah,-1
getaran,-1
ghetto,-1
giat,1
gigi,1
gigih,3
gila,-12
giliran,1
gipsi,-1
glasial,-1
goblin,-1
godaan,-1
gonorea,-1
gorila,-1
gosip,-1
goyah,-1
granat,-1
grizzly,-1
grogi,-1
gubernur,1
gubuk,-1
gudang,-1
gugatan,-1
guillotine,-1
gulat,-1
gumpal,-1
gumpalan,-1
gunung berapi,-1
gurih,2
guru,3
gurun,-1
habitat,1
hadiah,2
haid,1
hak lebih tinggi,1
halangan,-3
halter,-1
halus,1
halusinasi,-1
hama,-2
hambar,-3
hampa,-1
hampir mati,-1
hampir tidak,-1
hancur,-7
hantu,-1
hanya sedikit,-1
harapan,1
harga diri,1
hari libur,1
hari ulang tahun,1
harmoni,1
harry,-1
harta benda,1
harta karun,1
harum,1
hash,-1
hasil,1
hasil karya,1
hasutan,-1
hati nurani,1
hati-hati,2
haus,-1
haus darah,-1
hawar,-1
hebat,1
hedonisme,1
helm,1
hemat,1
heran,1
heroik,2
heroin,-1
herpes,-1
hiasan,1
hiburan,3
hidrosefalus,-1
hidup,1
hidup bersama,1
higienis,1
hijau,2
hijau abadi,1
hilang,-2
hina,-2
hiperbola,-1
hippie,-1
hiruk pikuk,-2
hiruk-pikuk,-1
histeri,-1
histeris,-1
hiu,-1
hobi,1
homologi,1
hormat,2
hubungan,1
huff,-1
hujan es,-2
hukum,1
hukuman,-4
hukuman penjara,-1
huuu,-1
iblis,-1
ibu,1
idealisme,1
idola,1
igauan,-1
ilmiah,1
ilmuwan,1
ilusi,-1
imajinatif,1
imamat,1
imitasi,-1
impoten,-1
imut,1
inaugurasi,1
indah,1
indah sekali,1
individualitas,1
indoktrinasi,-1
infark,-1
infeksi,-1
infiltrasi,1
inflasi,-1
influensa,-1
informasi,1
ingin,-1
ingin sekali,1
ingin tahu,1
inklusif,1
inkonstitusionil,-1
inovasi,1
inses,-1
inspektur,1
inspirasi,1
instrumental,1
integritas,1
intelek,1
intelektual,1
intelijen,1
intens,1
intervensi,1
inti,1
intim,1
intimidasi,-1
intisari,1
intoleran,-1
intoleransi,-1
intonasi,1
intrik,-1
intrusi,-1
intuisi,1
intuitif,1
invasi,-1
inventif,1
irama,1
irasional,-1
irasionalitas,-1
iri,-1
iringan,1
isi,1
isi perut,-1
isolasi,-1
istimewa,1
istirahat,2
isu,-1
izin,2
jackpot,1
jahat,-13
jalan buntu,-1
jalang,-1
jaminan,3
jamu,1
jamur,-2
janda,1
jangkar,1
janji,1
jantan,1
jarang,-1
jargon,-1
jarum,1
jasmani,1
jatuh,-4
jatuh cinta,1
jatuh terjerambab,-1
jauh,-1
jelaga,-2
jelas,4
jelasnya,1
jelatang,-1
jelek,-3
jembalang,-1
jenakawan,1
jenis,1
jenius,1
jenuh,-1
jerat,-2
jerawat,-1
jijik,-2
jilbab,-1
jimat,1
jinak,1
john,-1
jompo,-1
jornada,-1
juara,1
judul,1
jujur,5
junta,-1
jurang,-1
juru sita,-1
kabar angin,-1
kabinet,1
kabur,-3
kabut,-1
kacau,-6
kafe,1
kafir,-2
kain,-1
kaku,-2
kakus,-2
kalajengking,-1
kalimat,-1
kamar bayi,1
kamar mayat,-2
kambing hitam,-1
kambuh,-1
kamus,1
kandas,-1
kanibal,-1
kanibalisme,-1
kanker,-1
kantor polisi,-1
kantuk,-1
kapitalis,1
karat,-2
kardiomiopati,-1
karier,1
karies,-1
karikatur,-1
karnivora,-1
karsinoma,-1
kartel,-1
kartu as,1
karunia,1
karut,-1
kasar,-5
kasih sayang,2
kasta,-1
kasus,-1
kata,1
kata lontaran,-1
kata pengantar singkat,1
kata-kata,-1
kata-kata kotor,-1
katarak,-1
kategoris,1
kateter,-1
kaum bangsawan,1
kawan,1
ke belakang,-2
ke luar,1
keadaan bangkrut,-1
keadaan buruk,-1
keadaan darurat,-1
keadaan mendung,-1
keadaan sulit,-1
keadilan,1
keagungan,2
keahlian,3
keajaiban,3
keakraban,1
keandalan,1
keanehan,1
keanggunan,1
keaslian,2
kebahagiaan,2
kebaikan,2
kebajikan,2
kebakaran,-1
kebakaran besar,-1
kebaktian,1
kebalikan,-1
kebanggaan,1
kebangkitan,1
kebangkrutan,-1
kebebasan,2
kebejatan,-1
kebenaran,2
kebencian,-7
keberangkatan,-1
keberanian,5
keberatan,-1
kebersihan,1
keberuntungan,1
kebesaran,1
kebetulan,-1
kebiadaban,-3
kebidanan,1
kebijaksanaan,4
kebinasaan,-1
kebingungan,-3
kebisingan,-1
kebocoran,-1
kebodohan,-4
kebohongan,-1
kebosanan,-2
kebrutalan,-1
kebulatan suara,1
kebun,1
kebuntuan,-1
keburu,-1
keburukan,-3
kebutaan,-1
kecabulan,-1
kecakapan,1
kecanduan,-1
kecantikan,1
kecapi,1
kecelakaan,-3
kecemasan,-2
kecemburuan,-1
kecenderungan,1
kecenderungan bunuh diri,-1
kecengengan,1
kecepatan,1
kecerahan,1
kecerobohan,-1
kecewa,-2
kecil,-1
kecokelatan,1
kecukupan,2
kecurigaan,-1
kecut,-1
kedalaman,1
kedaluwarsa,-1
kedatangan,1
kedekatan,1
kedermawanan,1
kedewasaan,1
kediktatoran,-1
kedinginan,-1
kedudukan,1
keenakan,1
keengganan,-2
kegagahan,1
kegagalan,-5
kegairahan,1
keganasan,-2
kegelapan,-2
kegelisahan,-1
kegemaran,2
kegembiraan,8
kegemparan,-1
kegemukan,-1
kegentingan,-1
kegigihan,2
kegilaan,-2
keguguran,-1
kegunaan,2
kehadiran,1
kehamilan,-1
kehancuran,-3
kehebohan,-1
keheningan,1
kehilangan,-7
kehormatan,2
keibuan,2
keilahian,1
keindahan,1
keinginan,1
kejahatan,-5
kejahatan besar,-1
kejam,-8
kejang,-1
kejanggalan,-1
kejatuhan,-1
kejelekan,-1
kejengkelan,-2
kejujuran,4
kejut,-1
kejutan,1
kekacauan,-6
kekaguman,1
kekakuan,-3
kekal,2
kekalahan,-1
kekanak-kanakan,-2
kekasaran,-2
kekasih,2
kekayaan,2
kekecewaan,-3
kekejaman,-2
kekejangan,-1
kekejian,-1
kekek,1
kekeliruan,-2
kekenyangan,-1
kekerasan,-4
kekeringan,-1
kekesalan,-1
kekhasan,-1
kekuasaan,2
kekuatan,1
kekuatiran,-1
kekudusan,1
kekurangan,-9
kekurangan perhatian,-1
kekusutan,1
kelahi,-1
kelahiran,1
kelainan bentuk,-1
kelakuan buruk,-1
kelalaian,-2
kelambanan,-1
kelambatan,-1
kelancaran,1
kelancaran berbicara,1
kelangkaan,-1
kelangsungan,1
kelaparan,-4
kelebihan,-1
kelebihan muatan,-1
keledai,-1
kelelahan,-4
kelemah-lembutan,1
kelemahan,-3
kelembutan,1
kelengkapan,1
kelesuan,-1
kelimpahan,2
kelincahan,1
kelip,1
keliru,-3
kelonggaran,1
keluar,-1
keluarga,1
keluhan,-2
kelulusan,1
kelumpuhan,-2
kemabukan,-1
kemahakuasaan,1
kemahiran,1
kemajuan,4
kemakmuran,2
kemalangan,-1
kemalasan,-1
kemampuan,2
kemandulan,-2
kemanjuran,1
kemanusiaan,2
kemarahan,-5
kemasyhuran,2
kematian,-4
kembar,1
kemegahan,1
kemenangan,5
kementerian,1
kemerdekaan,1
kemerosotan,-3
kemewahan,2
kemiskinan,-1
kemitraan,1
kemunafikan,-1
kemunduran,-2
kemurahan hati,1
kemurnian,1
kemustahilan,-1
ken,1
kenaikan,1
kenang-kenangan,2
kenari,1
kendala,-1
kendali,-1
kendur,-1
kenekatan,-2
kengerian,-2
kental,-1
kenyamanan,3
kepadatan,1
kepahitan,-1
kepahlawanan,1
kepala batu,-1
kepala pelayan,1
kepala suku,1
kepalsuan,-1
kepandaian,1
kepanikan,1
kepasifan,-1
kepastian,2
kepatuhan,1
kepekaan,1
kepemilikan,1
kepengecutan,-1
keperawanan,1
kepercayaan,2
kepercayaan diri,1
kepolosan,1
kepopuleran,1
kepuasan,1
kepulangan sakit,-1
kepura-puraan,-1
keputusasaan,-2
keputusasan,-1
keracunan,-2
keraguan,-2
kerakusan,-1
keramahan,2
kerang,-1
keras,-5
keras hati,-1
keras kepala,-2
kerasukan,-1
kerdil,-2
kerendahhatian,1
kerentanan,-1
kerenyam,1
keretakan,-1
keriangan,-1
keributan,-5
kerinduan,1
kering,-1
keriting,1
keriuhan,-1
keriuhan di pawai,1
kerja keras,-1
kerja sama,1
kerugian,-2
kerukunan,1
kerumitan,-1
kerusakan,-2
kerusuhan,-1
kesabaran,2
kesadaran,1
kesalahan,-7
kesalahpahaman,-1
kesalehan,1
kesan,1
kesatuan,1
kesederhanaan,1
kesediaan,1
kesedihan,-3
kesehatan,1
keseimbangan,2
kesejukan,1
keseleo,-1
kesempurnaan,1
kesenangan,-1
kesenangan karena menderita,-1
kesendirian,-1
kesengsaraan,-1
kesepian,-2
kesesuaian,3
kesetiaan,2
kesiapan,1
kesombongan,-4
kesopanan,6
kesucian,1
kesukaan,1
kesuksesan,1
kesulitan,-5
kesungguhan,1
kesuraman,-1
kesurupan,-1
kesyahidan,-1
ketaatan,1
ketabahan,1
ketahanan,1
ketajaman,2
ketakterbatasan,1
ketakutan,-2
ketamakan,-2
ketangkasan,2
ketegasan,1
keteguhan,1
ketekunan,1
ketenangan,4
ketepatan waktu,1
keteraturan,1
keterbacaan,1
keterbukaan,1
ketergantungan,-2
keterlaluan,-2
keterlambatan,-2
keterlibatan,1
keterusterangan,1
ketiadaan,-2
ketidakabsahan,-1
ketidakadilan,-2
ketidakamanan,-1
ketidakbahagiaan,-1
ketidakberdayaan,-1
ketidakberpihakan,1
ketidakcocokan,-1
ketidakcukupan,-1
ketidakdewasaan,-1
ketidakefisienan,-1
ketidakhadiran,-1
ketidakjelasan,-2
ketidakjujuran,-2
ketidakkonsistenan,-1
ketidaklengkapan,-1
ketidakmampuan,-4
ketidakmurnian,-1
ketidakpantasan,-1
ketidakpatuhan,-1
ketidakpedulian,-1
ketidakpercayaan,-3
ketidakpuasan,-2
ketidaksabaran,-1
ketidaksahan,-1
ketidaksamaan,-1
ketidaksempurnaan,-1
ketidaksenangan,-1
ketidaksetiaan,-1
ketidaksetujuan,-1
ketidakstabilan,-1
ketidakteraturan,-1
ketinggalan,-1
ketinggian,1
ketombe,-1
ketua,2
keturunan,1
keuangan,1
keunggulan,4
keuntungan,2
kewalahan,-1
kewaspadaan,2
keyakinan,1
kezaliman,-1
khawatir,-2
khayalan,-1
khloroform,-1
khotbah,1
kiamat,-1
kicauan,1
kidung,1
kilap,1
kilau,1
kina,1
kisah,1
kisi,-1
kista,-1
kita,-1
klasik,3
klerikal,1
klimaks,1
knalpot,-1
koalisi,1
kodok,-1
kognitif,1
koheren,1
koherensi,1
kokain,-1
kokoh,2
kolam,1
kolera,-1
kolonel,1
kolosal,1
kolusi,-1
koma,-1
komandan,1
komentator,1
komodor,1
kompak,1
kompatibel,1
kompeten,1
kompetensi,2
kompetisi,-1
kompleksitas,-1
komplikasi,-1
komplotan rahasia,-1
kompos,-1
komposer,1
komuni,1
komunikatif,1
komunisme,-1
kondusif,1
konflik,-1
kongregasi,1
konkordansi,1
konsekrasi,1
konselor,1
konsentris,1
konservasi,1
konsistensi,1
konsonan,1
konspirator,-1
konstan,1
konstitusional,1
kontak,1
kontaminasi,-1
kontemplasi,1
kontensius,-1
kontradiksi,-1
kontradiktif,-1
kontras,-1
kontroversi,-1
kontroversial,-1
kontur,1
konyol,-3
kooperatif,1
kopral,-1
korban,-2
koreksi,-1
korespondensi,1
koroner,-1
korosi,-1
korosif,-1
korup,-1
korupsi,-1
kosakata,1
kosmopolitan,1
kosong,-2
kotor,-4
kotoran,-8
kreatif,1
kredibel,1
kredibilitas,1
kredit,1
krim,1
kriminalitas,-1
krisis,-1
kristal,1
kritik,1
kronik,1
kronis,-1
ksatria,1
kualifikasi,1
kuat,5
kuburan,-2
kucing garong,-1
kuda jantan,1
kudis,-1
kue keju,-1
kue-kue,1
kuliner,1
kulit pohon,-1
kultus,-1
kunci,-1
kuning,-1
kunjungan,-1
kuno,-3
kurang ajar,-3
kurang bayar,-1
kurang bersemangat,-1
kurang informasi,-1
kurang lengkap,-1
kurang menarik,-1
kurang pengalaman,-1
kurang pengetahuan,-1
kurang sopan,-1
kurungan,-2
kurus,-1
kusta,-1
kusut,-2
kutil,-1
kutu,-4
kutu buku,2
kutuk,-1
kutukan,-2
labirin,-1
lagi,1
lagu,1
lagu Natal,1
lagu pendek,1
lahar,-1
laknat,-1
laksamana,1
lakukan,-1
lalai,-4
lalim,-1
lamban,-3
lambang,1
lampiran,1
lamunan,1
lamur,-1
lancang,-1
landak,-1
langit,1
langka,-1
langsing,1
langsung,1
lapar,-1
lapis,1
lapisan,1
larangan,-3
larutan,1
laser,1
laut,1
lawan,-1
layak,2
layang-layang,-1
layu,-1
lebih besar,1
lebih buruk,-1
lebih menyukai,1
lebih rendah,-3
lebih tua,1
lecet,-1
ledakan,-3
lega,1
legendaris,1
lelah,-4
lelaki yg tdk terpelajar,-1
lelucon,-2
lemah,-4
lemak,-1
lemas,-1
lembam,-1
lembek,-2
lembut,1
lemon,-1
lencana,1
lentur,1
lepuh,-1
lesu,-3
letal,-1
letih,-1
letusan,-1
leukemia,-1
lezat,7
liar,-4
liberal,1
liburan,1
licik,-3
licin,1
liga,1
lihai,1
limbah,-1
lincah,3
linglung,-1
lintah,-2
linu panggul,-1
lirik,-1
liris,1
listrik,2
logis,1
longgar,-1
loon,-1
lowongan,-1
loyal,1
loyalitas,1
luak,-1
luar biasa,8
luar negeri,-1
luas,3
lucu,-2
lucu sekali,1
luka,-2
lumayan,1
lumba-lumba,1
lumpuh,-1
lumpur,-3
lumpur salju,-1
lunak,1
lupa,-1
lusuh,-1
lynch,-1
maaf,1
maag,-2
mabuk,-2
mafia,-1
magnet,1
magnetit,1
mahakuasa,1
mahatahu,1
mahir,3
maju,2
makan,1
makan malam,1
makanan,3
makanan ternak,-1
makhluk,-1
makhluk hidup,-1
makmur,3
maksimum,1
malaikat,1
malang,-2
malapetaka,-3
malaria,-1
malas,-2
maling,-1
malpraktik,-1
malu,-3
mandamus,-1
mandat,1
mandi,1
mandor,1
manfaat,1
mangsa,-1
manipulasi,-1
manis,2
manisan,1
manna,1
mantap,1
manusia super,1
manusiawi,1
mapan,1
marah,-6
marquis,1
marsekal,1
martingale,-1
martir,-1
masa kanak-kanak,1
masa kejayaan,1
masa pensiun,1
masalah,-1
masam,-2
maskulin,1
massa,-1
masyarakat,1
mata duitan,-1
matahari,1
matahari terbenam,1
matang,1
materialis,-1
materialisme,-1
mati,-2
mati lemas,-1
mati rasa,-2
mayat,-2
mayoritas,1
mazmur,1
medali,1
medan perang,-1
mediasi,1
medis,1
mediterania,1
megah,5
mekar,1
melahap,-1
melaksanakan,1
melampiaskan,-1
melanggar,-2
melanggar hukum,-1
melanjutkan,1
melankolik,-1
melankolis,-1
melarang,-2
melarikan diri,-2
melawan,-2
melayani,1
melayu,-1
melebih-lebihkan,-1
melebihi,2
melecehkan,-1
meledak,-2
meledakkan,-1
melelahkan,-2
melemah,-1
melengkapi,1
melengking,-1
melengkung,-3
melenyapkan,-1
melepaskan,-2
meleset,-1
melestarikan,2
meletus,-1
melewati,-1
melibatkan,-1
melihat,1
melimpah,1
melimpahi,-1
melimpahkan,1
melindungi,2
meliur,-1
melolong,-1
melompat,1
meluap,-1
melukai,-1
melumpuhkan,-2
meluncur,1
meluncurkan,1
melupakan,-1
memaafkan,3
memadamkan,-2
memahami,2
memakai,-1
memaksa,-3
memalsukan,-1
memalukan,-6
memamerkan,-1
memancarkan,1
memancing,-2
memandu,1
memanen,1
memanggang,-1
memanipulasi,-1
memanjakan,-1
memar,-1
memarahi,-1
memarut,-1
memastikan,1
mematangkan,1
mematikan,-1
mematuk,1
membabi buta,-1
membaca,1
membagikan,-1
membahayakan,-2
membalas,1
membalikkan,-1
membanggakan,1
membangkitkan,2
membangun,2
membanjiri,-2
membantah,-3
membanting,-1
membantu,2
membarui lagi,1
membasmi,-1
membatalkan,-8
membatasi,-2
membayar,1
membayar kembali,2
membebani,-1
membebaskan,1
membedakan,-1
membela,3
membelah,-2
membelai,1
membenamkan,1
membenci,-4
membentengi,1
membentuk,1
memberatkan,-1
memberdayakan,1
memberi,3
memberikan,1
memberkati,2
memberontak,-1
membersihkan,2
membesut,-1
membina,1
membinasakan,-1
memboikot,-1
membombardir,-1
membongkar,-1
membosankan,-5
membual,-2
membuang,-2
membuat,1
membuat bingung,-1
membuat terkesan,1
membuat ulang,1
membuka,2
membuktikan,2
membumbui,1
membungkuk,-1
membunuh,-3
memburu,-1
memburuk,-3
membusuk,-3
memekik,-1
memeluk,1
memenjarakan,-1
memenuhi,1
memenuhi syarat,2
memerah,-1
memeriahkan,1
memerintah,1
memfitnah,-2
memikat hati,1
memilih,2
memiliki,1
memimpin,1
meminta maaf,1
memisahkan,-1
memohon,-1
memotong,-2
mempekerjakan,1
mempelai,1
mempelajari,1
memperbaiki,6
memperbudak,-1
mempercantik,1
memperdaya,-1
memperingati,1
memperingatkan,-1
memperkaya,1
memperkecil,-1
memperkosa,-1
memperkuat,3
memperlambat,-1
memperoleh,2
memperpanjang,1
mempersiapkan,1
mempertaruhkan,-1
mempertinggi,-1
mempesona,2
memproduksi,1
memprovokasi,-1
memuakkan,-1
memuaskan,2
memudahkan,1
memudar,-1
memuja,2
memuji,2
memukau,1
memukul,-5
memukul mundur,-1
memulangkan,-1
memuliakan,1
memulihkan,1
memungkinkan,1
memurnikan,1
memusnahkan,-1
memutuskan,-2
memveto,-1
memvonis,-1
menabrak,-1
menahan,-3
menakjubkan,2
menakuti,-2
menambah,1
menambatkan,-1
menanduk,-1
menanggung,1
menangis,-4
menangkap,-4
menanjak,1
menara,1
menari,1
menarik,7
menarik kembali,-1
menasihati,2
menatap,-1
menawan,2
menawarkan,1
mencairkan,-1
mencambuk,-1
mencampuradukkan,-1
mencampuri,-1
mencekik,-3
mencela,-2
mencemari,-1
mencemoohkan,-1
mencerahkan,1
mencetak kembali,-1
mencoba-coba,-1
mencolek,-1
mencolok,1
mencongkel,-1
menculik,-1
mencurangi,-1
mencuri,-1
mencurigakan,-1
mendahului,1
mendakwa,-2
mendambakan,-1
mendapatkan,3
mendarat,1
mendasar,1
mendatangkan,-1
mendayung,1
mendebarkan,1
mendekam,-1
mendera,-1
menderita,-4
mendesak,-1
mendesis,-1
mendeteksi,1
mendidihkan,-1
mendidik,1
mendiskreditkan,-1
mendominasi,1
mendorong,1
menduga,1
mendukung,1
mendung,-2
menebus,1
menegaskan,2
menegaskan kembali,1
meneguk,-1
menegur,-1
menekan,-3
menekankan,-1
menelantarkan,-1
meneliti,-1
menembak,-1
menempa,1
menempati,1
menenangkan,3
menengahi,1
menenggak,-1
menenggelamkan,-1
menentang,-3
menerangi,2
menerima,2
meneror,-1
mengabaikan,-3
mengaburkan,-1
mengadili,-1
mengagumi,1
mengagungkan,1
mengajar,1
mengajukan perkara,-1
mengakui,1
mengalah,-1
mengalahkan,-3
mengalir,1
mengambil bagian,1
mengamuk,-2
mengancam,-4
mengangkat,1
menganiaya,-1
mengantar,1
menganugerahkan,1
mengasingkan,-1
mengatakan,-1
mengatur,3
mengecam,-1
mengecewakan,-4
mengecilkan hati,-1
mengejar,-1
mengejek,-3
mengejuntukan,-1
mengejutkan,-1
mengelilingi,1
mengelola,1
mengeluarkan,-2
mengeluh,-1
mengelupas,-1
mengembalikan ke penjara,-1
mengembalikan lagi,1
mengembangkan,1
mengemis,-1
mengenakan,1
mengepung,1
mengerang,-1
mengeras,-1
mengerikan,-22
mengernyit,-1
mengerti,1
mengerutkan kening,-1
mengesalkan,-1
menggabungkan,1
menggagalkan,-3
mengganggu,-9
mengganti rugi,-1
menggantikan,-1
menggarisbawahi,1
menggasak,-1
menggelapkan,-1
menggelegar,-1
menggelepar,-1
menggeliat,-1
menggelikan,-1
menggelisahkan,-1
menggelitik,1
menggemaskan,1
menggeram,-3
menggerenyet,-1
menggertak,-2
menggertakkan,1
menggigil,-1
menggigit,-1
menggiling,1
menggoda,-4
menggolongkan,1
menggosok,-1
menggugurkan,-1
menggulingkan,-2
menghadiahkan,1
menghalangi,-4
menghambat,-1
menghancurkan,-4
menghanguskan,-1
menghantui,-1
menghapus,-2
menghapuskan,-1
mengharapkan,1
menghargai,2
menghasilkan,1
menghasut,-2
menghentikan,-1
menghibur,4
menghidupkan,2
menghilang,-1
menghilangkan,-2
menghina,-4
menghindari,-3
menghitung,2
menghormati,3
menghujat,-1
menghukum,-3
mengigau,-1
mengilhami,1
mengimbangi,2
menginginkan,1
menginstruksikan,1
mengintai,-2
mengira,-1
mengirik,-1
mengisap,-1
mengisi kembali,1
mengizinkan,-1
mengkhawatirkan,-1
mengkhianati,-1
mengkritik,-1
mengoceh,-3
mengolah,1
mengomel,-1
mengotori,-1
mengoyakkan,-1
menguap,-2
menguasai,1
menguatkan,1
mengubah,3
mengudara,-1
menguduskan,1
mengundang,2
mengundurkan diri,-1
mengunjungi,1
menguntungkan,2
mengupas,-1
menguping,-1
mengurangi,-7
mengurung,-1
mengusap,-1
mengusir,-4
mengutil,-1
mengutip,1
mengutuk,-1
menikmati,2
menimbulkan,-1
menimpa,-2
menindas,-2
meninggalkan,-4
meningkat,1
meningkatkan,2
menipu,-7
meniru,1
menirukan,-1
menjadi korban,-1
menjaga,1
menjamin,2
menjanjikan,1
menjarah,-3
menjatuhkan,-1
menjauhkan,-1
menjauhkan diri,-1
menjelaskan,4
menjemukan,-1
menjengkelkan,-3
menjerit,-1
menjijikan,-1
menjijikkan,-5
menjilat,-1
menodai,-1
menolak,-8
menonaktifkan,-1
menonjol,2
menopang,1
mentah,-1
mentolerir,-1
menuduh,-1
menukarkan,1
menular,-2
menulari,-1
menumbangkan,-1
menumpas,-1
menunda,-2
menundukkan,1
menuntut,-3
menurunkan,-2
menusuk,-1
menutup perkara,-1
menutupi,1
menyakiti,-2
menyakitkan,-3
menyalahkan,-1
menyalak,-1
menyalibkan,-1
menyambut,1
menyampaikan,1
menyangkal,-1
menyanjung,1
menyanyi,1
menyarankan,1
menyaring,1
menyayangkan,-1
menyebarkan,1
menyeberang,-1
menyederhanakan,1
menyediakan,2
menyedihkan,-3
menyegarkan,1
menyelamatkan,1
menyelesaikan,2
menyelidiki,1
menyelinap,-2
menyelundupkan,-1
menyembelih,-1
menyenangkan,6
menyengat,-1
menyerah,-2
menyerahkan,-1
menyerang,-3
menyerbu,-1
menyeringai,1
menyesal,-2
menyesali,-2
menyesatkan,-2
menyesuaikan,1
menyetujui,2
menyia nyiakan,-1
menyiksa,-4
menyimpan,1
menyimpang,-1
menyimpulkan,1
menyinggung,-3
menyinkronkan,1
menyiram,1
menyisihkan,-1
menyita,-3
menyolok,-5
menyuap,-1
menyukai,2
menyulitkan,-1
menyumbang,1
menyumpahi,-1
menyusut,-3
meragukan,-3
merah tua,-1
meraih,1
merak,1
meramalkan,1
merana,-1
merangkak,-1
merangkul,1
merangsang,1
merapikan,1
merasa,1
merasa ngeri,-1
merasa tidak aman,-1
meratap,-1
meratapi,-2
merawat,1
merayakan,1
mercu suar,1
merebut,-3
meredakan,2
merekonstruksi,1
meremajakan,1
merembes,1
meremehkan,-3
merendahkan,-3
merengek,-1
merenovasi,1
merenungkan,1
merevisi,1
meriah,1
meriam,-1
meringankan,1
merobek,-1
merogoh,-1
merombak,1
merosot,-1
merpati,1
merugikan,-3
merusak,-6
merusak bentuk,-1
mesin tenun,-1
meskipun,-1
mesum,-2
metanol,-1
metastase,-1
metropolitan,1
mewah,3
mewajibkan,1
meyakinkan,2
mikroskopi,1
milik,-1
milisi,-1
mimbar,1
mimpi buruk,-1
minat,1
minimum,-1
minoritas,-1
minta maaf,1
minum,1
minuman,1
minuman keras,-2
minyak bumi,1
miring,-1
misionaris,1
miskin,-3
mitra,1
mobil jenazah,-1
model,1
moderator,1
modis,1
momentum,1
momok,-3
moncong,-1
montok,1
moral,2
moralitas,1
morbiditas,-1
mortir,1
motif,1
mual,-2
muda,1
mudah,1
mudah beradaptasi,1
mudah dibodohi,-1
mudah diingat,1
mudah marah,-2
mudah tersinggung,-2
mulia,1
munafik,-1
mundur,-1
muntah,-2
murah,1
muram,-3
murni,3
murung,-2
musik,1
musikal,1
musim,-1
musnah,-1
mustahil,-1
musuh,-3
mutan,-1
mutilasi,-1
mutlak,1
nabi,1
nadir,-1
nafsu,-1
naif,-1
najis,-2
nakal,-3
nalar,1
naluriah,1
nama yg salah,-1
nanah,-1
nasihat,2
naskah,1
naturalis,1
negatif,-1
negosiasi,1
nektar,1
nenek,1
nenek moyang,1
nepotisme,-1
neraka,-3
neurotik,-1
ngawur,-1
ngelantur,-1
ngeri,-1
ngobrol,-1
ngomel,-1
niat baik,1
nihilisme,-1
nikah,1
nikotin,-1
nirkabel,1
noda,-3
normalitas,1
nul,-1
nyali,1
nyaman,2
nyamuk,-1
nyanyian,1
nyanyian pujian,1
nyaring,1
nyata,1
nyonya,-1
oasis,1
obat bius,-1
obat mujarab,1
obat pencahar,1
obi,-1
objektif,1
obligasi,-1
obstruktif,-1
ocehan,-1
oksidasi,-1
oligarki,-1
omelan,-2
omong kosong,-4
omongan,-1
opera,1
opsional,1
optimis,2
optimisme,1
orang aneh,-2
orang asing,-3
orang bodoh,-1
orang buangan,-1
orang cabul,-1
orang celaka,-1
orang desa,1
orang gila,-1
orang miskin,-1
orang munafik,-1
orang-orang terkenal,1
orang-orangan sawah,1
orc,-1
organik,1
organisasi,1
orgasme,1
orkestra,1
otak,2
otokratis,-1
otorisasi,1
otoritas,1
overdosis,-1
pabrikan,1
pacaran,1
padang rumput,2
padat,1
paduan suara,3
pahat,1
pahlawan,1
pahlawan wanita,1
pajak,-1
pak,1
paksaan,-4
paliatif,1
paling tinggi,1
palsu,-5
panas,-1
pandai berbicara,1
pandemi,-1
panduan,1
pangeran,2
panggilan,-3
panik,-2
pantas,1
pantat,-2
pantomim,1
paprika,1
parafrase,1
paranoid,-1
parasit,-1
parau,-1
parietal,1
parodi,-1
partisan,-1
partisipasi,1
parut,-1
pasangan,2
pasien,1
pasif,-1
pasti,1
patah,-1
paten,1
patriarkhal,1
patuh,1
patung,2
paus,1
payudara besar,-1
pecah,-2
pedalaman,1
pedang,-1
pedas,-1
pejalan kaki,-1
pejantan,1
pejuang,1
pekerjaan,2
pekerjaan rumah,-1
pekerjaan yg membosankan,-1
pelabuhan,1
pelacur,-4
pelacuran,-1
pelajaran,1
pelaksanaan,-1
pelaku,-2
pelampung,1
pelanggan,1
pelanggar,-1
pelanggaran,-8
pelanggaran hukum,-1
pelapor,-1
pelat ketel,-1
pelawak,1
pelayan,1
pelega,1
pelengseran,-1
pelepasan,-1
pelindung,3
pelit,-2
pelobi,-1
pelopor,3
peluang,1
pelupaan,-1
pemahkotaan,1
pemain,-1
pemakaman,-2
pemalas,-1
pemalsuan,-2
pemalu,-1
pemarah,-2
pembaca,1
pembajakan,-1
pembakar,-1
pembakaran,-2
pembalas,-1
pembalasan,-3
pembalasan dendam,-2
pembangkang,-1
pembangkangan,-1
pembantaian,-3
pembantu,2
pembaptisan,1
pembaru,1
pembaruan,2
pembatalan,-2
pembawa,-1
pembayaran,-1
pembebasan,3
pembekuan,-1
pembela,1
pembelaan,1
pembenaran,1
pembengkakan,-1
pemberani,1
pemberantasan,-1
pemberdayaan,1
pemberian,-1
pemberontak,-2
pemberontakan,-3
pembersihan,2
pembicara utama,1
pembimbing,1
pembohong,-1
pembongkaran,-1
pembuangan,-2
pembuatan,-1
pembubaran,-1
pembunuh,-3
pembunuhan,-6
pembunuhan anak,-1
pemburu,-1
pemburuan kelinci,-1
pemecatan,-1
pemegatan,-1
pemenang,2
pemenang hadiah,1
pemenuhan,1
pemerasan,-1
pemerintah,-1
pemikir,1
pemimpin,1
pemindahan,-1
peminjam,-1
pemisahan,-2
pemisahan diri,-1
pemotong,1
pemotongan,-2
pemujaan,3
pemujaan berhala,-1
pemukim,1
pemulihan,1
pemulihan nama baik,1
pemulung,-1
pemurnian,1
pemusnahan,-1
pemutarbalikan,-1
penahan,-1
penahanan,-2
penaklukan,-3
penalti,-1
penambah,-1
penampil,1
penanaman,1
penangguhan,-2
penangkal,2
penangkapan,-1
penanya,1
penasihat,1
pencabutan,-2
pencahar,-1
pencalonan,1
pencapaian,2
pencarian,1
pencegahan,2
pencerahan,1
penceramah,1
pencium,-1
penculikan,-1
pencuri,-1
pencurian,-3
pendakian,1
pendamping,1
pendampingan,1
pendarahan,-1
pendendam,-3
pendengaran,-1
penderita,-1
penderitaan,-4
pendeta,4
pendidikan,2
pendosa,-1
penduduk,1
pendukung,2
penebusan,1
penebusan dosa,1
penekanan,-1
penembakan,-1
penemu,1
penemuan,1
penengah,1
penentuan,1
penerangan,1
penerbangan,1
penerimaan,1
penetrasi,-1
pengabadian,-1
pengabaian,-2
pengacara,1
pengacau,-1
pengadilan,-1
pengaduan,-1
pengagum,1
pengajar,1
pengakuan,-2
pengalihan,1
pengampunan,1
penganggur,-1
penganiayaan,-2
pengantin,1
pengantin perempuan,1
pengap,-1
pengarang,1
pengaruh,1
pengasingan,-2
pengawal,1
pengawas,1
pengawasan,1
pengawet,1
pengeboman,-1
pengecualian,-2
pengecut,-5
pengekangan,1
pengelolaan,1
pengeluaran,-2
pengembalian,1
pengemis,-1
pengenaan,-1
pengendara,1
pengetahuan,1
penggalian,-1
penggantian,1
penggelapan,-1
penggemar,1
penggerak,1
penggoda,1
penggugat,-2
penghalang,-1
penghambatan,-1
penghancuran,-3
penghapusan,-4
penghargaan,1
penghasilan,1
penghematan,-2
penghentian,-3
penghiburan,1
penghinaan,-5
penghindaran,-2
penghormatan,1
penghukuman,-1
penghuni,1
penghuni liar,-1
pengiriman,1
pengiring pengantin perempuan,1
pengisi daya,1
pengkhianat,-2
pengkhianatan,-3
pengkritik,-1
penglihatan,1
pengorbanan,-1
penguasaan,1
penguatan,1
pengudusan,1
pengunduran diri,-1
pengungsian,-1
pengunjung,1
penguraian,-1
pengurangan,1
pengusiran,-2
pengusiran setan,-1
pengutang,-1
penikmat,1
penindas,-1
penindasan,-1
peninggian,1
peningkatan,1
penipu,-2
penipuan,-2
peniru,-1
peniruan,-2
penistaan,-1
peniup,-1
penjaga,5
penjahat,-4
penjara,-4
penjara bawah tanah,-1
penjudi,-1
penodaan,-1
penolak,-2
penolakan,-5
pentahbisan,1
penting,4
pentingnya,1
penuduh,-1
penuh,4
penuh arti,1
penuh bintang,1
penuh dosa,-1
penuh gairah,-1
penuh harapan,1
penuh kasih,2
penuh kebencian,-1
penuh perhatian,2
penuh pertimbangan,1
penuh semangat,1
penuh teka-teki,-2
penularan,-1
penulis,2
penumpasan,-1
penundaan,-2
penuntutan,-1
penurunan,-2
penutupan,1
penyair,1
penyajian,1
penyakit,-4
penyakit gondok,-1
penyakit jiwa,-1
penyakit kuning,-1
penyalahgunaan,-1
penyaliban,-1
penyaluran pecomberan,-1
penyangkalan,-2
penyataan,1
penyatuan,1
penyayang,1
penyebaran,-1
penyeberangan,-1
penyelamatan,1
penyelesaian,1
penyelewengan,-1
penyelidikan,-1
penyelundup,-1
penyelundupan,-1
penyembunyian,-1
penyemburan,-1
penyerang,-1
penyerbu,-1
penyergapan,-1
penyesalan,-1
penyewa,1
penyewaan,1
penyiasat,1
penyihir,-1
penyimpanan,1
penyimpangan,-2
penyitaan,-1
penyok,-1
penyuapan,-1
penyumbang,1
penyumbatan,-1
penyunatan,1
peracunan,-1
perada,1
peradaban,1
peradangan,-1
peradilan,1
perakitan,1
peramal,2
perampasan,-2
perampok,-1
perampokan,-3
perancah,-1
perancang,1
perang,-2
perang salib,-1
perangkap,-1
perangsangan,1
perapian,1
peraturan,-1
perawakan,1
perawan,1
perawan tua,-1
perawat,1
perayaan,1
perbaikan,4
perbedaan,1
perbedaan pendapat,-1
perbuatan zina,-1
perbudakan,-4
perburuan,-1
percakapan,1
percaya,1
percaya diri,2
perceraian,-1
percintaan,1
perdamaian,2
perdebatan,1
peredam,-1
perekam,1
perempuan,-1
perencanaan,1
pergolakan,-2
pergumulan,-1
perhatian,3
perhiasan,1
periang,1
peringatan,2
peringkat,-1
perintah,-1
perjalanan,2
perjamuan,1
perjanjian,1
perkawinan,1
perkelahian,-1
perlawanan,-1
perlindungan,1
permata,1
permen,1
permintaan maaf,1
permohonan,1
permusuhan,-2
pernikahan,1
perokok,-1
perombakan,1
perpecahan,-1
persahabatan,2
persaingan,-1
persamaan,1
persatuan,1
persaudaraan,2
persaudaraan wanita,1
persediaan,1
perselisihan,-3
persemakmuran,1
persenjataan,-1
persetujuan,4
pertahanan,1
pertanda,-2
pertandingan,-1
pertanggungjawaban,1
pertanian,1
pertanyaan,2
pertarungan,-1
pertempuran,-1
pertempuran kecil,-1
pertengkaran,-5
pertentangan,-1
pertikaian,-1
pertimbangan kembali,1
pertumbuhan,1
pertumpahan darah,-1
pertusis,-1
perubahan,-1
perubahan warna,-1
perunding,1
perusahaan,1
perusahaan monopoli,-1
perusak,-1
perut kembung,-1
perwalian,1
perwira,1
pesenam,1
pesimis,-1
pesimisme,-1
pesisir,1
pesolek,-1
pesona,2
pesta,2
peternakan,1
peti mati,-2
petualang,1
petualangan,1
petugas,1
petunjuk,1
phoenix,1
piala,1
pidana,-1
pidato,2
pijat,1
piket,-2
piknik,1
pikun,-1
pil,1
pilih kasih,1
pilihan,2
pilot,1
pingsan,-3
pinus,-1
pisau bedah,-1
pistol,-2
pita,1
plagiat,-1
pleno,1
pohon,1
pohon salam,1
polemik,-1
poligami,-1
polio,-1
polisi,1
politik,1
polos,2
polusi,-1
pondok,1
pop,-1
popok,-1
popularitas,1
populasi,1
porno,-3
pornografi,-1
poros,1
portabel,1
pose,-1
potensi,1
potongan harga,1
pound,-1
praktek,1
prasangka,-1
prasmanan,-1
prem,1
presisi,1
prestasi,2
prestise,1
pria,1
primer,1
produksi,1
produktif,2
produktifitas,1
produsen,1
profesi,1
profesional,1
profesor,1
progresif,1
promosi,1
promosi sensasional,-1
propaganda,-1
prosedur,1
proses pengadilan,-1
prosesi,1
prospek,1
provokasi,-1
psikosis,-1
pualam,1
puas,1
puasa,-1
publik,1
puing,-1
pujian,2
pukulan,-1
punah,-1
puncak,2
pupuk,-1
pusing,-2
putihnya,1
putri,1
putus,-1
putus asa,-4
rabies,-1
racun,-1
radang dingin,-1
radang paru-paru,-1
radang usus buntu,-1
radiasi,-1
radio,1
radioaktif,-1
radon,-1
ragu,-2
rahasia,-2
rahim,1
rahmat,1
raja,1
rak,-1
raket,-1
raksasa,-2
raksasa binatang,-1
rakyat jelata,-1
ralat,-1
ram,-1
ramah,6
ramah tamah,1
ramping,1
rampok,-1
rapi,3
rasa gelisah,-1
rasa hormat,1
rasa ingin tahu,1
rasa malu,-1
rasa manis,1
rasa sakit,-3
rasa syukur,1
rasa takut,-1
rasa tidak enak,-1
rasional,1
rasul,1
rawa,-4
rayap,-1
reaksioner,-1
redaman,-1
reformasi,1
regresi,-2
regresif,1
rehabilitasi,1
rekan,1
reklamasi,1
rekonsiliasi,1
rekonstruksi,1
rekreasi,2
rel,-1
rela,1
relaksasi,1
relevan,1
remaja,-2
remang,-1
renda,1
rendah,-1
rendah budi,-1
rendah diri,-1
rendah hati,2
renovasi,1
rentan,-2
reporter,1
represi,-1
reproduksi,1
republik,-1
resah,-1
resesi,-1
resistif,1
resmi,1
responsif,1
restitusi,1
restoratif,1
retak,-2
retakan,-1
retribusi,-2
reumatik,-1
reuni,1
revolusi,1
revolusioner,1
rewel,-1
reyot,-1
riam,1
riang,3
riasan,-1
riba,-1
ribut,-1
rindu,-1
ringkas,1
rintangan,-1
rintik,-1
riuh,1
roadster,1
robek,-1
roh,1
rokok,-1
romantis,1
romantisme,1
rongseng,-1
roti,-1
roti panggang,1
royalti,1
ruam,-1
ruang bawah tanah,-1
ruang santai,-1
rubah betina,-1
rubrik,1
rumah bermain,1
rumah jagal,-1
rumah petak,-1
rumah tangga,1
rumit,-3
rumpun,-1
rumput liar,-1
rumus,1
runtuh,-1
rupawan,1
rusak,-2
rusuh,-1
ruth,1
rutin,1
sabotase,-1
sabuk,-1
sadar,1
sah,2
saham,-1
sakit,-9
sakit gigi,-1
sakit hati,-1
sakit kepala,-1
sakit perut,-1
sakit saraf,-2
sakitan,-1
salah,-7
salah menaruhkan,-1
salah mengartikan,-1
salah paham,-2
salah saji,-1
salah tafsir,-1
salah tempat,-1
salah urus,-1
salam,1
saleh,2
salinan,-1
saling,1
salju longsor,-1
saluran pembuangan,-1
salut,1
sama,1
sama sekali,1
samaran,-2
sambilan,-1
sambutan hangat,1
sampah,-6
sampai sekarang,-1
sampar,-1
samurai,1
sandera,-1
sandiwara,-1
sandiwara sensasi,-1
sangat,2
sangat berharga,1
sangat gembira,1
sangat indah,2
sangat kuat,-1
sangat lapar,-1
sangat luas,1
sangat marah,-1
sangat rapi,1
sanitasi,1
santai,1
santo,1
santun,1
saraf,1
sarang,-1
sarang lebah,-1
sarapan,1
sarat,-1
sarjana,1
sarjana muda,1
sarkasme,-1
sarkoma,-1
sarung tangan bulu,-1
satin,1
satu warna,-1
saudara,1
saudara laki-laki,1
sayang,3
sayap,-1
scrapie,-1
sebaiknya,1
sebelum waktunya,-1
sebelumnya,1
sebenarnya,1
sebentar lagi,-1
secara harmonis,1
secara kolektif,1
secara mencolok,1
secara mengejutkan,1
secara menyedihkan,-1
secara paksa,-1
secara pantas,1
sedang,1
sedang belajar,1
sederhana,2
sedih,-4
sedikit,1
segan,-2
segel,1
segelintir,-1
segera,1
sehat,3
seimbang,1
sekam,-1
sekarat,-1
sekering,1
sekresi,-1
sekretariat,1
seks,1
sektarian,-1
sekuestrasi,-1
sekutu,2
sela,1
selai,1
selalu,1
selang,-1
selat,-1
selebaran,-1
selebriti,1
selikuran,-1
selingan,1
selip,-1
semangat,7
sembelit,-1
sembrono,-1
sembuh,2
sembunyi,-1
sementara,-1
sempit,-1
sempurna,5
senang,3
senang sekali,1
senapan,-1
sendiri,1
sengit,-1
seni,1
senioritas,1
senjata,-1
senjata api,-1
sensasi,1
sensasional,1
sensor,-1
sensual,2
sensualitas,1
sentimentil,1
senyum,1
seolah-olah,-1
sepa,-1
sepak bola,1
sepakat,2
separatis,-1
sepatu kasual,-1
sepatutnya,1
sepenuh hati,1
sepenuhnya,1
seperti bangsawan,1
seperti beludru,1
seperti budak,-1
seperti malaikat,1
sepi,-1
sepintas lalu,-1
sepsis,-1
septik,-1
seragam,1
serak,-1
seram,-1
serangan,-3
serangan mendadak,-1
serangga,-1
serat,-1
serba salah,-1
serempak,1
serikat,1
seringai,-1
serpihan,-1
seru,2
serum,1
sesama,1
sesat,-5
sesepuh,1
sesuai,5
sesungguhnya,1
setan,-3
setengah jalan,-1
setia,2
setuju,3
shanghai,-1
sia-sia,-2
sial,-1
sianida,-1
siap,1
sifat lekas marah,-1
sifat takut-takut,-1
sihir,-2
siksaan,-1
silau,-1
silsilah,1
simbolis,1
simetri,1
simetris,1
simfoni,1
simpati,1
simpatik,1
sinergis,1
singa,1
sinis,-1
sinkop,-1
sinode,1
sinonim,1
sipil,1
sipir,-1
siput,-1
sirene,-1
sisa rasa,-1
sisa-sisa,-1
sitomegalovirus,-1
skandal,-1
skema,-1
skeptis,-1
skizofrenia,-1
skor,1
sobat,1
solvabilitas,1
somatik,-1
sombong,-5
sonar,1
sonata,1
sonet,1
sopan,3
sosial,1
sosialis,-1
spa,1
spaniel,1
spektral,-1
spekulasi,-1
spesial,1
spesies,1
spionase,-1
spons,-1
sponsor,1
sprite,-1
stabil,1
staccato,1
status,1
stereotip,-2
steril,-1
sterling,1
stigma,-1
strategis,1
struktur,1
suaka,1
suami yg istrinya tdk setia,-1
suara,1
subjek,-1
sublimasi,1
subsidi,-1
substantif,1
subur,2
subversi,-1
subversif,-1
suci,2
suka beperkara,-1
suka berteman,1
suka damai,1
sukacita,2
sukar dipahami,-1
sukarelawan,1
sulap,-1
sulit,-2
sulit dipercaya,-1
sulung,1
sumbang,-1
sumbangan,2
sumber daya,1
sumber hidup,1
sumber keuntungan,1
sumpah,3
sumpah palsu,-1
sumsum,1
sungguh,2
sungguh-sungguh,2
sup krim,1
superstar,1
supremasi,1
suram,-6
surat kabar,1
surga,2
surgawi,2
suri teladan,1
surutnya,-1
survei,1
sutra,1
syaitan,-1
taat,2
tabah,1
tabrakan,-1
tabu,-1
tabungan,1
tahan,1
tahan air,1
tahan api,1
tahan cuaca,1
tahan karat,1
tahan lama,1
tahan panas,-1
tahanan,-3
tajam,2
tak ada taranya,1
tak berarti,-2
tak berbalas,-1
tak bercacat,1
tak berdasar,-1
tak berdaya,-2
tak berguna,-1
tak berjiwa,-1
tak berkesudahan,1
tak bermutu,-1
tak bernyawa,-1
tak berperabot,-1
tak bertuhan,-1
tak berujung,1
tak henti-hentinya,-1
tak kenal ampun,-1
tak kenal takut,1
tak layak,-1
tak menentu,-1
tak sedap dipandang,-1
tak tahu malu,-1
tak tentu,-1
tak terbantahkan,1
tak terbatas,2
tak terbayangkan,1
tak terdengar,-1
tak terduga,-1
tak tergoyahkan,1
tak terhapuskan,1
tak terhindarkan,-1
tak terhitung,-2
tak terjangkau,-1
tak terkalahkan,1
tak terkatakan,-1
tak terkekang,1
tak terkendali,-1
tak terlatih,-1
tak terlindung,-1
tak terlukiskan,1
tak terpikirkan,-1
tak terpisahkan,1
tak terputus,1
tak tersembuhkan,-1
tak tertahankan,-2
tak tertandingi,1
takdir,-1
takhta,1
takhyul,1
taksi,1
takut,-5
tamak,-2
tambahan,2
tambalan,-1
tamparan,-2
tanah,1
tanah longsor,-1
tanda Nazi,-1
tanda buruk,-1
tandus,-1
tangan kedua,-1
tanggal kematian,-1
tangguh,1
tanggung jawab,-1
tangkai,-1
tanpa belas kasihan,-1
tanpa berpikir,-1
tanpa berwasiat,-1
tanpa cedera,1
tanpa dasar,-1
tanpa disadari,-1
tanpa harapan,-1
tanpa judul,-1
tanpa nama,-1
tanpa pertumpahan darah,1
tanpa tanda jasa,-1
tanpa tubuh,-1
tanpa tujuan,-1
tantangan,-2
tante,1
tarif,-1
tata krama,1
tawa,1
tawanan,-2
tawar-menawar,1
tdk puas,-1
tebusan,-1
teduh,-1
tegak lurus,1
tegang,-1
tegar,-1
teguh,1
teguran,-1
tekanan,-1
teknologi,1
tekun,1
teladan,1
telanjang,-1
teliti,1
teluk kecil,1
teman,1
tembakan,-1
tembakau,-1
tembel,-1
tempa,-1
tempat,1
tempat berlindung,1
tempat bermain,1
tempat lahir,-1
tempat tidur,1
tempur,-1
tenaga kerja,1
tenang,5
tendangan,-1
tengah,1
tenggelam,-1
tengik,-1
tentara,1
teokratis,-1
teoretis,1
tepat,5
tepat waktu,2
tepuk,1
tepuk tangan,1
terak,-1
terakreditasi,1
teramat,1
terampil,1
terancam bahaya,-1
terapeutik,1
terapi,1
terasing,-2
terbaca,1
terbatas,-2
terberat,-1
terbukti benar,1
tercela,-2
tercengang,-1
terdampar,-1
terdemoralisasi,-1
terdepresiasi,-1
terdistorsi,-1
terendah,-1
terengah-engah,-1
terganggu,-3
tergelincir,-1
tergenang,-1
terhenti,-1
terhibur,2
terhormat,3
teriakan,-2
terik,-2
terinspirasi,1
terjamin,1
terjerat,-1
terjun,-1
terkejut,-1
terkemuka,2
terkena,-1
terkenal,6
terkenal jahat,-1
terkilir,-1
terkontaminasi,-1
terkubur,-1
terkulai,-1
terkunci,-1
terkutuk,-4
terlalu mahal,-1
terlambat,-5
terlibat,-1
terluka,-2
terlupakan,-1
termasuk,3
termasuk keluarga sapi,-1
terminal,-1
ternoda,-1
terompet,-1
teror,-1
terorganisir,1
teroris,-1
terorisme,-1
terpaut,-1
terpecah,-1
terpelajar,1
terpencil,-3
terpendam,-1
terpenting,2
terperanjat,-1
terpercaya,1
terpesona,2
terpilih,1
terpuji,4
terputus,-1
tersakiti,-1
tersandung,-2
tersebar luas,1
tersedak,-1
tersembunyi,-3
tersendiri,-1
tersentuh,-1
tersenyum,1
terserap,1
tersinggung,-1
tersusun,1
tertahan,-1
tertarik,1
tertawa,2
tertawa kecil,1
tertekan,-1
tertib,1
tertinggal,-1
tertinggi,1
terus mata,1
tetangga,1
tetanus,-1
tetap,1
tewas,-1
theisme,-1
tiang gantungan,-1
tidak adil,-3
tidak aktif,-1
tidak akurat,-1
tidak aman,-1
tidak bahagia,-1
tidak benar,-1
tidak beralasan,-1
tidak berbahaya,1
tidak berbentuk,-1
tidak berbuah,-1
tidak berdaya,-1
tidak berguna,-2
tidak berkelanjutan,-1
tidak berkembang,-1
tidak berlisensi,-1
tidak berpendidikan,-1
tidak berpengalaman,-1
tidak berperasaan,-1
tidak bertanggung jawab,-2
tidak bias,1
tidak bijaksana,-1
tidak bisa diandalkan,-1
tidak bisa dihancurkan,1
tidak bisa dijelaskan,-1
tidak bisa dilewati,-1
tidak bisa dimaafkan,-1
tidak bisa dimengerti,-1
tidak bisa dipecahkan,1
tidak bisa dipertahankan,-1
tidak cocok,-1
tidak cukup,-1
tidak dapat,-1
tidak dapat diakses,-1
tidak dapat diatasi,-1
tidak dapat dibatalkan,-1
tidak dapat dibenarkan,-2
tidak dapat dicabut,1
tidak dapat didamaikan,-1
tidak dapat dijelaskan,-1
tidak dapat dimengerti,-1
tidak dapat diperbaiki,-1
tidak dapat dipercaya,-1
tidak dapat dipertahankan,-1
tidak dapat direduksi,1
tidak dapat diterapkan,-1
tidak dapat diterima,-2
tidak dapat diubah,-1
tidak dibatasi,1
tidak didukung,-1
tidak digunakan,-1
tidak diinginkan,-3
tidak diizinkan,-1
tidak dikenal,-1
tidak diragukan lagi,2
tidak disengaja,-1
tidak disetujui,-2
tidak disukai,-2
tidak diterbitkan,-1
tidak efektif,-2
tidak efisien,-1
tidak egois,1
tidak hormat,-1
tidak jelas,-1
tidak jujur,-2
tidak kompatibel,-1
tidak kompeten,-2
tidak logis,-1
tidak manusiawi,-1
tidak masuk akal,-1
tidak memadai,-2
tidak mematuhi,-1
tidak memihak,1
tidak memuaskan,-1
tidak menguntungkan,-2
tidak menyenangkan,-3
tidak merata,-1
tidak nyaman,-3
tidak pantas,-1
tidak pasti,-1
tidak patuh,-1
tidak peduli,-1
tidak pengertian,-1
tidak penting,-3
tidak percaya,-2
tidak perlu dipertanyakan lagi,1
tidak populer,-1
tidak praktis,-1
tidak produktif,-1
tidak puas,-1
tidak ramah,-2
tidak relevan,-1
tidak resmi,-1
tidak sabar,-1
tidak sadar,-2
tidak sah,-1
tidak sehat,-1
tidak sempurna,-1
tidak senang,-1
tidak sengaja,-1
tidak senonoh,-1
tidak sesuai,-1
tidak setara,-1
tidak setia,-2
tidak setuju,-4
tidak siap,-1
tidak simpati,-1
tidak sopan,-2
tidak stabil,-1
tidak tahu,-1
tidak tahu berterima kasih,-1
tidak teratur,-1
tidak terbaca,-1
tidak terduga,1
tidak terikat,-1
tidak terinfeksi,1
tidak terinspirasi,-1
tidak terkendali,-2
tidak terkesan,-1
tidak termasuk,-1
tidak terpengaruh,-1
tidak terpenuhi,-1
tidak tertarik,-2
tidak wajar,-1
tidur sebentar,1
tikus,-1
tindakan,1
tindakan merugikan,-1
tindakan yg bodoh,-1
tinggal,-1
tinggi,1
tingkat,1
tinja,-1
tinjauan ke masa depan,1
tipu,-2
tipu daya,-1
tipu muslihat,-1
tipuan,-1
tiran,-1
tiupan,-1
toilet,-2
toko,1
toko buku,1
toksin,-1
toleran,1
toleransi,1
tolol,-1
tombak,-1
tongkat,1
tontonan,1
topan,-2
topangan,-1
torpedo,-1
tradisional,1
tragedi,-1
tragis,-1
transendensi,1
traumatis,-1
trigonometri,1
troll,-1
tua,1
tuduhan,-4
tugas,2
tujuan,1
tukang,2
tukang daging,-1
tukang panir,1
tukang sortir,1
tulang belakang,1
tulang punggung,1
tulus,2
tumbuh,1
tumit,-1
tumor,-2
tumpukan,-1
tumpul,-1
tunawisma,-1
tungau,-1
tunggakan,-1
tunggu,-1
tuntutan,-1
tusukan,-1
tutup,-1
uang,2
uang tunai,1
ubin,1
ucapan selamat,1
ucapan syukur,1
ulangan,-1
ular,-2
ular berbisa,-1
ular naga,-1
ulet,1
ultimatum,-1
umpan,-1
umum,1
umur panjang,1
undangan,1
unggul,3
unik,1
upacara,1
upah,1
upaya,1
upeti,1
usungan jenazah,-1
utama,4
utang,-1
utopis,1
utuh,1
vaksin,1
vampir,-1
varisela,-1
varises,-1
vegetatif,-1
verbositas,-1
verifikasi,1
vertigo,-1
veteran,1
vikaris,1
virus,-1
virus herpes,-1
visioner,1
vital,1
voodoo,-1
vulgar,-1
wabah,-1
wajib,-2
wali,1
walikota,1
wanita cantik,1
warga negara,1
warisan,1
wartawan,1
wasir,-1
wasit,1
waspada,3
wiski,-1
wot,1
xenofobia,-1
yang saling melengkapi,1
yg beralamat buruk,-1
yg berhutang,-1
yg diperlukan,-1
yg ketinggalan jaman,-1
yg menerangkan,1
yg mungkin berubah,1
yg tak ada bandingannya,1
yg tdk berlaku,-1
zat,1
zat yang lengket dan kental,-1
zina,-1
zip,-1
