Indonesian Word,small
Abu,0
Agak,0
Agustus,0
Amin,0
BENAR,0
Bagikan,0
Bangsawan tinggi,0
Berbuat curang,0
Bir,0
Birch,0
Brendi,0
Burung puyuh,0
Campuran,0
Cantik,0
Countess,0
Cuka Apel,0
Dewan,0
Direktur,0
Fajar,0
Gila,0
Gula,0
Himpunan,0
Hore,0
Ikuti,0
Injil,0
Iya,0
Kalkulator,0
Kapten,0
Katedral,0
Kecantikan,0
Kecelakaan kapal,0
Kejam,0
Kemuliaan,0
Kepala Sekolah,0
Komunis,0
Konvensi,0
Mandarin,0
Memesan,0
Monumen,0
Negro,0
Nikmati,0
POLISI,0
Palsu,0
Parade,-1
Pasifik,0
Pasokan,0
Pembenahan,0
Penghargaan,0
Penyihir,0
Perdana,0
Perlengkapan tulis,0
Perpustakaan,0
Pilih,-1
Polandia,0
Praktik,0
Presiden,0
Renaisans,0
Roh,0
Sage,0
Saya akan,0
Scotch,0
Sebagai pengganti,0
Sepakat,0
Sial,0
Sup,0
Tuan,-1
Tuhan,0
Tukang onar,0
Universitas,0
Yobel,0
abadi,0
abba,0
abnormal,0
abortus,0
abrasi,0
absen,0
abses,0
absolusi,0
absurd,0
abu,0
acar,0
accueil,0
adanya,0
adil,0
adonan,0
afirmasi,0
agak mabuk,0
agitasi,0
agresi,0
agresif,0
agresor,0
agung,0
ahli,0
ahli astronomi,0
ahli bahasa,0
ahli kimia,0
ahli nujum,0
aib,0
air kotor,0
air raksa,0
ajaib,0
akademi,0
akademik,0
akal,0
akan datang,0
akhirnya,0
akibat,0
akomodasi,0
akrab,0
akrobat,0
aktiva,0
akuntabel,0
akusatif,0
alamat,0
alarm,0
alasan,0
alegro,0
algojo,0
alimentasi,0
alkitabiah,0
alkoholisme,0
almarhum,0
aloha,0
amal,0
aman,0
amarah,0
amat,0
ambang,0
ambigu,0
ambisi,0
amfetamin,0
amnesia,0
amnesti,0
amoralitas,0
anak,0
anak anjing,0
anak bodoh,0
anak kucing,0
anak muda,0
anak perempuan,0
anak sapi,0
anak sungai,0
anak yatim,0
anakonda,0
anal,0
analis,0
anarki,0
anarkis,0
anarkisme,0
ancaman,0
andalan,0
anggun,0
angin puyuh,0
angina,0
angka,0
angkuh,0
animasi,0
anomali,0
anonim,0
ansambel,0
antagonis,0
antagonisme,0
antar,0
anti peluru,0
antibiotik,0
antijamur,0
antik,0
antikristus,0
antipati,0
antiseptik,0
antisosial,0
antitesis,0
antraks,0
antusiasme,0
anugerah,0
anumerta,0
apache,0
apak,0
apati,0
apatis,0
api,0
api penyucian,0
apresiasi,0
argumen,0
argumentatif,0
aristokrasi,0
arkeologi,0
armada,0
arogan,0
aroma,0
arsenik,0
artikulasi,0
artileri,0
artis,0
artistik,0
asam,0
asap,0
asing,0
aspirasi,0
astronaut,0
asusila,0
atas,0
ateisme,0
aterosklerosis,0
atlet,0
atletis,0
atom,0
atrophia,0
aura,0
autentik,0
autopsi,0
avatar,0
awas,0
ay,0
babak belur,0
babi,0
babon,0
badai,0
badut,0
bagal,0
bagus,0
bagus sekali,0
bahagia,0
bahaya,0
bahenol,0
bahkan,0
bahu,0
baik,0
bajak laut,0
bajingan,0
baju zirah,0
bakat,0
bakteri,0
bal,0
bala bantuan,0
balas,0
balet,0
balok,0
balsem,-1
banci,0
bandel,0
bandit,0
bang,0
banger,0
bangga,0
bangkai,0
bangkrut,0
bangku,0
bangsawan,0
bangunan,0
banshee,0
bantal,0
bantalan,0
bantuan,0
banyak,0
baptisan,0
barang,-1
barang selundupan,0
barbar,0
barbarisme,0
barikade,0
baris,0
basah,0
basi,0
batak,0
batas,0
baterai,0
batu,-1
batu delima,0
batu sandungan,0
batu tulis,0
batuan dasar,0
batuk,0
bau,0
bawaan,0
bawah,0
bawahan,0
bayi,0
bayonet,0
beasiswa,0
beban,0
bebas,0
begitu banyak,0
begitu saja,0
bejat,0
bekam,0
bekas,0
bekas luka,0
bekerja,0
bekerja keras,0
bekerja sama,0
belahan jiwa,0
belajar,0
belakang,0
belalang,0
belanja,0
belas kasihan,0
belasungkawa,0
belati,0
belatung,0
belenggu,0
belerang,0
belitan,0
beludru,0
belum dewasa,0
belum dibayar,0
belum dicuci,0
belum lahir,0
belum selesai,0
belum tahu,0
benar,0
bencana,0
benci,0
bendera,0
bengkak,0
benteng,-1
benteng pertahanan,0
bentrok,0
bentrokan,0
bepergian,0
beracun,0
beradab,0
berafiliasi,0
beragam,-1
berair,0
berakar,0
berakhir,0
berani,0
berantakan,0
berawa,0
berbahaya,0
berbakat,0
berbaring,0
berbaris,0
berbau,0
berbeda,0
berbicara,0
berbisa,0
berbohong,0
berbuat dosa,0
berbuat salah,0
berbudi luhur,0
berbulu,0
berbulu halus,0
berbunga-bunga,0
bercanda,0
berceloteh,0
bercinta,0
bercita-cita,0
berdarah,0
berdarah murni,0
berdebar,0
berdengung,-1
berdenyut,0
berderit,0
berdoa,0
berduka,0
berduri,0
berebut,0
berenang,0
bergabung,0
bergairah,0
bergantung,-1
bergaya modern,0
bergejolak,0
bergelut,0
bergembira sekali,0
bergerak,0
bergizi,0
bergolak,0
bergumam,0
berguna,0
berhantu,0
berharga,0
berhasil,0
berhasrat,0
berhenti,0
berhias,0
berhuruf,0
berimprovisasi,0
berinovasi,0
berirama,0
berisik,0
berisiko,0
berita kematian,0
berjaya,0
berjongkok,0
berjuang,0
berjudi,0
berjumbai,0
berkah,0
berkampanye,0
berkarat,0
berkecil hati,0
berkedut,0
berkelahi,0
"berkeliaran, menyimpang",0
berkelok-kelok,0
berkembang,0
berkenaan dengan perang,0
berkeropeng,0
berkhayal,0
berkilau,0
berkilauan,0
berkomitmen,-1
berkubang,0
berkurang,0
berlabuh,0
berlangganan,0
berlangsung mudah,0
berlapis,0
berlawanan,0
berlebihan,0
berlemak,0
berlendir,0
berlian,0
berlimpah,0
berlumpur,0
bermanfaat,0
bermartabat,0
bermentega,0
bermuka dua,0
bermuka masam,0
bermusuhan,0
bernilai,0
berotot,0
berpelukan,0
berpendar,0
berpendidikan,0
berpengalaman,0
berpengaruh,0
berperang,0
berprasangka,0
berpura-pura,0
berputus asa,0
bersahaja,0
bersakit,0
bersalah,0
bersangkutan,0
bersarang,0
bersedih,0
bersekongkol,0
bersekutu,0
bersemangat,0
bersenang-senang,0
bersenda gurau,0
bersenjata,-1
berseri,0
berseri-seri,0
bersifat membatasi,0
bersifat mendidik,0
bersih,0
bersin,0
bersinar,0
bersisik,0
bersorak,0
bersuka cita,0
bersuka ria,0
bersumpah,0
bersyukur,0
bertahan,0
bertahan hidup,0
bertakhyul,0
bertanggung jawab,0
bertarung,0
bertekad,0
bertele-tele,0
berteman,0
bertengkar,0
bertentangan,0
berteriak,0
berterima kasih,0
berterimakasih,0
bertunangan,0
berubah warna,0
berubah-ubah,0
berukuran kecil,0
berulang,0
beruntung,0
berusaha keras,0
berwibawa,0
besar,0
besi,-1
biadab,0
biara,-1
biarawan,0
biarawati,0
bias,0
biasa,0
biasa-biasa saja,0
biaya,0
biaya tambahan,0
bicara,0
bidaah,0
bidak,0
bidan,-1
bijak,0
bijaksana,0
bikinan,0
bimbang,0
binar,0
binasa,0
binatang buas,0
bingung,0
bintang,0
bintik,0
biopsi,0
birokrasi,0
birokrat,0
biru,0
bisa dipertahankan,0
bisa salah,0
bisa ular,0
blokade,0
bobot,-1
bobrok,0
bocor,0
bocoran,0
bodoh,0
bohong,0
bola api,0
bola basket,0
bom,0
bonne,0
bonus,0
bordil,0
boros,-2
brigade,0
brokat,0
brutal,0
bruto,0
buaian,0
buas,0
budak,0
budaya,0
buih,0
bujukan,0
bukan kepalang,0
buket,0
buku harian,0
buku panduan,0
bulan madu,0
bulat,0
buldog,0
bulu,0
bulu babi,0
bulu domba,0
bulu mata,0
bunga,0
bunga pala,0
bungkam,0
bunuh diri,0
bupati,0
buram,0
buritan,0
buronan,0
buruk,0
buruk sekali,0
burung bangkai,0
burung beo,0
burung raptor,0
busuk,0
buta,0
buta huruf,0
butir,0
cabang,0
cabul,0
cacat,0
cacian,0
cacing,0
cad,0
cahaya,0
cahaya bintang,0
cahaya matahari,0
cahaya redup,0
cakar,0
cakrawala,0
calon,0
camar,0
cambuk,0
campak,0
campur aduk,0
candaan,0
candu,0
canggih,0
cangkir,-1
cantik,0
cedera,0
cekikikan,0
cekung,0
celah,0
cemas,0
cemberut,0
cemburu,0
cemerlang,0
cemooh,0
cenderung,0
cepat,0
cerah,0
cercaan,0
cerdas,0
cerdik,0
cerewet,0
ceri,0
ceria,0
ceroboh,0
cess,0
cinta,0
ciuman,0
cocok,-1
cokelat,0
coklat kekuningan,0
contoh,0
crescendo,0
cucu,0
cukup,0
curang,0
curiga,0
dada,0
daemon,0
daerah kantong,0
daerah kumuh,0
daftar periksa,0
dahak,0
dakwaan,0
dalam hal,0
dalil,0
dangkal,0
dapat diakses,0
dapat diandalkan,0
dapat dibuktikan,0
dapat dicapai,0
dapat dikreditkan,0
dapat dinavigasi,0
dapat dipasarkan,0
dapat disembuhkan,0
dapat diterima,0
dapat ditindaklanjuti,0
dara,0
daratan rendah,0
darurat,0
dasar,0
daya hidup,0
daya konduksi,0
daya tahan,0
daya tarik,0
debu,0
dedikasi,0
definitif,0
defisit,0
deflasi,0
degradasi,0
deklinasi,0
dekrit,0
demam,0
demensia,0
demokrasi,0
demonstratif,0
dendam,0
dengan buruk,0
dengan dingin,0
dengan disabilitas,0
dengan enggan,0
dengan hati-hati,0
dengan kejam,0
dengan kekerasan,0
dengan ketakutan,0
dengan kuat,0
dengan lalai,0
dengan lemah,0
dengan menyedihkan,0
dengan murah hati,0
dengan pahit,0
dengan rendah hati,0
dengan santai,0
dengan sedih,0
dengan senang hati,0
dengan sia-sia,0
dengan tegas,0
dengung,-1
depan,0
deportasi,0
depresi,0
depresiasi,0
depresif,0
derajat,0
dering,0
derita,0
dermawan,0
desersi,0
desinfeksi,0
desis,0
deskriptif,0
despotisme,0
destruktif,0
detasemen,0
deteksi,0
devolusi,0
di depan,0
di luar hukum,0
diabaikan,0
diagnosa,0
diam,0
diampuni,0
dibakar,0
dibatasi,0
dibayar lebih,0
dibenarkan,0
diberikan,0
diberkahi,0
diberkati,0
dibom,0
dibuang,0
dibudidayakan,0
dicatat,0
dicuri,0
didiskualifikasi,0
didukung,0
diet,0
digagalkan,0
digelapkan,0
dihabiskan,0
dihukum,0
diinginkan,0
dikalahkan,0
dikenakan,0
dikenakan biaya,0
dikenali,0
dikonfirmasi,0
dikontrak,0
dikreditkan,0
diktator,0
diktatoris,0
dikutuk,0
dilarang,0
dilegalkan,0
dilemahkan,0
dilenyapkan,0
dilucuti,0
dimanifestasikan,0
dimulainya kembali,0
dimutilasi,0
dipakai,0
dipaksa,0
dipalsukan,0
dipenjara,0
diperbolehkan,0
diperbudak,0
diperdebatkan,0
diperingatkan sebelumnya,0
diperoleh,0
diperparah,0
dipertanyakan,0
diplomasi,0
diplomatik,0
dipoles,0
dipopulerkan,0
dipraktekkan,0
dipuji,0
dirajam,0
diramalkan,0
direbut,0
diremajakan,0
direncanakan,0
dirusak,0
disabilitas,0
disebutkan di atas,0
disengaja,-1
disentri,0
disesalkan,0
disimpan,0
disinformasi,0
disiplin,0
diskresi,0
diskriminasi,0
diskriminatif,0
diskualifikasi,0
diskusi,0
disonansi,0
distilasi,0
distorsi,0
disusutkan,0
ditahbiskan,0
ditandai,0
ditangkap basah,0
ditelantarkan,0
ditemukan,0
diterima,0
ditinggalkan,0
ditingkatkan,0
ditipu,0
ditiru,0
ditolak,0
dituduh,0
ditumbuhi,0
diukur,0
diverifikasi,0
divestasi,0
diwakili,0
dogmatis,0
dokter,0
domba,0
dominan,0
dominasi,0
dorongan,-1
dosa,0
douche,0
doyan,0
drainase,0
dua bahasa,0
duet,0
duka,0
dukun,0
duniawi,0
dupa,0
duri,0
durian runtuh,0
dusta,0
duta besar,0
efektif,0
efisien,0
efisiensi,0
egois,0
egoisme,0
ejaan,0
ejakulasi,0
ejekan,0
ek,0
eksaserbasi,0
eksekusi,0
eksotik,0
ekspedisi,0
ekspektasi,0
eksplosif,0
ekstasi,0
ekstremitas,0
ekuitas,0
elaborasi,0
eliminasi,0
elite,0
emansipasi,0
emas,0
embargo,0
emboli,0
emeritus,0
emir,0
empati,0
empedu,0
encok,0
encore,0
endemis,0
energik,0
enggan,0
engkol,0
ensiklopedi,0
ephemeris,0
epidemi,0
epik,0
epilepsi,0
erosi,0
erotis,-1
estetika,0
estetis,0
etika,0
etis,0
eutanasia,0
evakuasi,0
evolusi,0
fakta,0
fakultas,0
fana,0
fanatik,0
fantastis,0
farmasi,0
fasih,-1
fasik,0
fatal,0
favorit,0
feodal,0
feodalisme,0
festival,0
filibuster,0
filsuf,0
firasat,0
fisika,0
fisiologi,0
fitnah,0
fitting,0
fitur,0
fleksibilitas,0
flu,0
fluktuasi,0
fokus,0
fonetis,0
formatif,0
frustrasi,0
fusi,0
gadis,0
gaduh,0
gagah,0
gagal,0
gagasan,0
gaib,-1
gairah,0
gaji,0
gambar yg tak berarti,0
ganas,0
gang,0
gangguan,0
ganja,0
ganti rugi,-1
gantung,0
garang,0
garing,0
garis,0
garnisun,0
gawang,0
gegabah,0
gegar,0
gejala,0
gelandangan,0
gelisah,0
gembala,0
gembira,0
gemetar,0
gemetaran,0
gempa bumi,0
gemuk,0
gemuruh,0
gencatan senjata,0
gendut,0
genting,0
gerah,0
gereja,0
geriatrik,0
gerilya,0
germo,0
gerombolan,0
gertakan,0
getah,0
getaran,0
ghetto,0
giat,0
gigi,0
gigih,0
gila,0
giliran,0
gipsi,0
glasial,0
goblin,0
godaan,0
gonorea,0
gorila,0
gosip,0
goyah,0
granat,0
grizzly,0
grogi,0
gubernur,0
gubuk,0
gudang,0
gugatan,0
guillotine,0
gulat,0
gumpal,0
gumpalan,0
gunung berapi,0
gurih,0
guru,0
gurun,0
habitat,0
hadiah,0
haid,0
hak lebih tinggi,0
halangan,0
halter,0
halus,0
halusinasi,0
hama,0
hambar,0
hampa,0
hampir mati,0
hampir tidak,0
hancur,0
hantu,0
hanya sedikit,0
harapan,0
harga diri,0
hari libur,0
hari ulang tahun,0
harmoni,0
harry,0
harta benda,0
harta karun,0
harum,0
hash,0
hasil,0
hasil karya,0
hasutan,0
hati nurani,0
hati-hati,0
haus,0
haus darah,0
hawar,0
hebat,-1
hedonisme,-1
helm,0
hemat,0
heran,0
heroik,0
heroin,0
herpes,0
hiasan,-1
hiburan,0
hidrosefalus,0
hidup,-1
hidup bersama,0
higienis,0
hijau,0
hijau abadi,0
hilang,0
hina,0
hiperbola,0
hippie,0
hiruk pikuk,0
hiruk-pikuk,0
histeri,0
histeris,0
hiu,0
hobi,0
homologi,0
hormat,0
hubungan,-1
huff,0
hukum,0
hukuman,0
hukuman penjara,0
huuu,0
iblis,0
ibu,-1
idealisme,0
idola,0
igauan,0
ilmiah,0
ilmuwan,0
ilusi,0
imajinatif,0
imamat,0
imitasi,0
impoten,0
imut,0
inaugurasi,0
indah,0
indah sekali,0
individualitas,0
indoktrinasi,0
infark,0
infeksi,0
infiltrasi,-1
inflasi,0
influensa,0
informasi,0
ingin,0
ingin sekali,0
ingin tahu,0
inklusif,0
inkonstitusionil,0
inovasi,0
inses,0
inspektur,0
inspirasi,0
instrumental,0
integritas,0
intelek,0
intelektual,0
intelijen,0
intens,-1
intervensi,-1
inti,0
intim,0
intimidasi,0
intisari,0
intoleran,0
intoleransi,0
intonasi,0
intrik,0
intrusi,0
intuisi,0
intuitif,0
invasi,0
inventif,0
irama,0
irasional,0
irasionalitas,0
iri,0
iringan,0
isi,0
isi perut,0
isolasi,0
istimewa,0
istirahat,0
isu,0
izin,0
jackpot,0
jahat,0
jalan buntu,0
jalang,0
jaminan,0
jamu,0
jamur,0
janda,0
jangkar,0
janji,0
jantan,0
jarang,0
jargon,0
jarum,0
jasmani,-1
jatuh,0
jatuh cinta,0
jatuh terjerambab,0
jauh,0
jelaga,0
jelas,0
jelasnya,0
jelatang,0
jelek,0
jembalang,0
jenakawan,0
jenis,0
jenius,0
jenuh,0
jerat,0
jerawat,0
jijik,0
jilbab,0
jimat,0
jinak,0
john,0
jompo,0
jornada,0
juara,0
judul,0
jujur,0
junta,0
jurang,0
juru sita,0
kabar angin,0
kabinet,0
kabur,0
kabut,0
kacau,0
kafe,0
kafir,0
kain,0
kaku,0
kakus,0
kalajengking,0
kalimat,0
kamar bayi,0
kamar mayat,0
kambing hitam,0
kambuh,0
kamus,0
kandas,0
kanibal,0
kanibalisme,0
kanker,0
kantor polisi,0
kantuk,0
kapitalis,0
karat,0
kardiomiopati,0
karier,0
karies,0
karikatur,0
karnivora,0
karsinoma,0
kartel,0
kartu as,0
karunia,0
karut,0
kasar,0
kasih sayang,0
kasta,0
kasus,0
kata,0
kata lontaran,0
kata pengantar singkat,0
kata-kata,0
kata-kata kotor,0
katarak,0
kategoris,0
kateter,0
kaum bangsawan,0
kawan,0
ke belakang,0
ke luar,0
keadaan bangkrut,0
keadaan buruk,0
keadaan darurat,0
keadaan mendung,0
keadaan sulit,0
keadilan,0
keagungan,0
keahlian,0
keajaiban,0
keakraban,0
keandalan,0
keanehan,-1
keanggunan,0
keaslian,0
kebahagiaan,0
kebaikan,0
kebajikan,0
kebakaran,0
kebakaran besar,0
kebaktian,0
kebalikan,0
kebanggaan,0
kebangkitan,0
kebangkrutan,0
kebebasan,0
kebejatan,0
kebenaran,0
kebencian,0
keberangkatan,0
keberanian,0
keberatan,0
kebersihan,0
keberuntungan,0
kebesaran,0
kebetulan,0
kebiadaban,0
kebidanan,0
kebijaksanaan,0
kebinasaan,0
kebingungan,0
kebisingan,0
kebocoran,0
kebodohan,0
kebohongan,0
kebosanan,0
kebrutalan,0
kebulatan suara,0
kebun,0
kebuntuan,0
keburu,0
keburukan,0
kebutaan,0
kecabulan,0
kecakapan,0
kecanduan,0
kecantikan,0
kecapi,0
kecelakaan,0
kecemasan,0
kecemburuan,0
kecenderungan,-1
kecenderungan bunuh diri,0
kecengengan,0
kecepatan,0
kecerahan,0
kecerobohan,0
kecewa,0
kecil,0
kecokelatan,0
kecukupan,0
kecurigaan,0
kecut,0
kedalaman,0
kedaluwarsa,0
kedatangan,0
kedekatan,0
kedermawanan,0
kedewasaan,0
kediktatoran,0
kedinginan,0
kedudukan,0
keenakan,0
keengganan,0
kegagahan,0
kegagalan,0
kegairahan,0
keganasan,0
kegelapan,0
kegelisahan,0
kegemaran,0
kegembiraan,0
kegemparan,0
kegemukan,0
kegentingan,0
kegigihan,0
kegilaan,0
keguguran,0
kegunaan,0
kehadiran,0
kehamilan,0
kehancuran,0
kehebohan,0
keheningan,0
kehilangan,0
kehormatan,0
keibuan,-1
keilahian,0
keindahan,0
keinginan,-1
kejahatan,0
kejahatan besar,0
kejam,0
kejang,0
kejanggalan,0
kejatuhan,0
kejelekan,0
kejengkelan,0
kejujuran,0
kejut,0
kejutan,0
kekacauan,0
kekaguman,0
kekakuan,0
kekal,0
kekalahan,0
kekanak-kanakan,0
kekasaran,0
kekasih,0
kekayaan,0
kekecewaan,0
kekejaman,0
kekejangan,0
kekejian,0
kekek,0
kekeliruan,0
kekenyangan,0
kekeringan,0
kekesalan,0
kekhasan,0
kekuasaan,0
kekuatan,0
kekuatiran,0
kekudusan,0
kekurangan,0
kekurangan perhatian,0
kekusutan,0
kelahi,0
kelahiran,0
kelainan bentuk,0
kelakuan buruk,0
kelalaian,0
kelambanan,0
kelambatan,0
kelancaran,0
kelancaran berbicara,0
kelangkaan,0
kelangsungan,0
kelaparan,0
kelebihan,0
kelebihan muatan,0
keledai,0
kelelahan,0
kelemah-lembutan,0
kelemahan,0
kelembutan,0
kelengkapan,0
kelesuan,0
kelimpahan,-2
kelincahan,0
kelip,0
keliru,0
kelonggaran,0
keluar,0
keluarga,0
keluhan,0
kelulusan,0
kelumpuhan,0
kemabukan,0
kemahakuasaan,-1
kemahiran,0
kemajuan,0
kemakmuran,0
kemalangan,0
kemalasan,0
kemampuan,0
kemandulan,0
kemanjuran,0
kemanusiaan,0
kemarahan,0
kemasyhuran,-1
kematian,0
kembar,0
kemegahan,-1
kemenangan,0
kementerian,0
kemerdekaan,0
kemerosotan,0
kemewahan,0
kemiskinan,0
kemitraan,0
kemunafikan,0
kemunduran,0
kemurahan hati,0
kemurnian,0
kemustahilan,0
ken,0
kenaikan,0
kenang-kenangan,0
kenari,0
kendala,0
kendali,0
kendur,0
kenekatan,0
kengerian,0
kental,0
kenyamanan,0
kepadatan,0
kepahitan,0
kepahlawanan,0
kepala batu,0
kepala pelayan,0
kepala suku,0
kepalsuan,0
kepandaian,0
kepanikan,0
kepasifan,0
kepastian,0
kepatuhan,0
kepekaan,0
kepemilikan,0
kepengecutan,0
keperawanan,0
kepercayaan,0
kepercayaan diri,0
kepolosan,0
kepopuleran,0
kepuasan,0
kepulangan sakit,0
kepura-puraan,0
keputusasaan,0
keputusasan,0
keracunan,0
keraguan,0
kerakusan,0
keramahan,0
kerang,0
keras,0
keras hati,0
keras kepala,0
kerasukan,0
kerdil,0
kerendahhatian,0
kerentanan,0
kerenyam,0
keretakan,0
keriangan,0
keributan,0
kerinduan,-1
kering,0
keriting,0
keriuhan,0
keriuhan di pawai,0
kerja keras,0
kerja sama,0
kerugian,0
kerukunan,0
kerumitan,0
kerusakan,0
kerusuhan,0
kesabaran,0
kesadaran,0
kesalahan,0
kesalahpahaman,0
kesalehan,0
kesan,0
kesatuan,0
kesederhanaan,0
kesediaan,0
kesedihan,0
kesehatan,0
keseimbangan,0
kesejukan,0
keseleo,0
kesempurnaan,0
kesenangan,0
kesenangan karena menderita,0
kesendirian,0
kesengsaraan,0
kesepian,0
kesesuaian,0
kesetiaan,0
kesiapan,0
kesombongan,0
kesopanan,0
kesucian,0
kesukaan,0
kesuksesan,0
kesulitan,0
kesungguhan,0
kesuraman,0
kesurupan,0
kesyahidan,0
ketaatan,0
ketabahan,0
ketahanan,0
ketajaman,0
ketakterbatasan,0
ketakutan,0
ketamakan,0
ketangkasan,0
ketegasan,0
keteguhan,0
ketekunan,0
ketenangan,0
ketepatan waktu,0
keteraturan,0
keterbacaan,0
keterbukaan,0
ketergantungan,0
keterlaluan,0
keterlambatan,0
keterlibatan,-1
keterusterangan,0
ketiadaan,0
ketidakabsahan,0
ketidakadilan,0
ketidakamanan,0
ketidakbahagiaan,0
ketidakberdayaan,0
ketidakberpihakan,0
ketidakcocokan,0
ketidakcukupan,0
ketidakdewasaan,0
ketidakefisienan,0
ketidakhadiran,0
ketidakjelasan,0
ketidakjujuran,0
ketidakkonsistenan,0
ketidaklengkapan,0
ketidakmampuan,0
ketidakmurnian,0
ketidakpantasan,0
ketidakpatuhan,0
ketidakpedulian,0
ketidakpercayaan,0
ketidakpuasan,0
ketidaksabaran,0
ketidaksahan,0
ketidaksamaan,0
ketidaksempurnaan,0
ketidaksenangan,0
ketidaksetiaan,0
ketidaksetujuan,0
ketidakstabilan,0
ketidakteraturan,0
ketinggalan,0
ketinggian,0
ketombe,0
ketua,0
keturunan,0
keuangan,0
keunggulan,0
keuntungan,0
kewalahan,0
kewaspadaan,0
keyakinan,0
kezaliman,0
khawatir,0
khayalan,0
khloroform,0
khotbah,0
kiamat,0
kicauan,0
kidung,0
kilap,0
kilau,0
kina,0
kisah,0
kisi,0
kista,0
kita,0
klasik,0
klerikal,0
klimaks,0
knalpot,0
koalisi,0
kodok,0
kognitif,0
koheren,0
koherensi,0
kokain,0
kokoh,0
kolam,0
kolera,0
kolonel,0
kolosal,0
kolusi,0
koma,0
komandan,0
komentator,0
komodor,0
kompak,0
kompatibel,0
kompeten,0
kompetensi,0
kompetisi,0
kompleksitas,0
komplikasi,0
komplotan rahasia,0
kompos,0
komposer,0
komuni,0
komunikatif,0
komunisme,0
kondusif,0
konflik,0
kongregasi,0
konkordansi,0
konsekrasi,0
konselor,-1
konsentris,0
konservasi,0
konsistensi,0
konsonan,0
konspirator,0
konstan,0
konstitusional,0
kontak,0
kontaminasi,0
kontemplasi,0
kontensius,0
kontradiksi,0
kontradiktif,0
kontras,0
kontroversi,0
kontroversial,0
kontur,0
konyol,0
kooperatif,0
kopral,0
korban,0
koreksi,0
korespondensi,0
koroner,0
korosi,0
korosif,0
korup,0
korupsi,0
kosakata,0
kosmopolitan,0
kosong,0
kotor,0
kotoran,0
kreatif,0
kredibel,0
kredibilitas,0
kredit,0
krim,0
kriminalitas,0
krisis,0
kristal,0
kritik,-1
kronik,0
kronis,0
ksatria,0
kualifikasi,0
kuat,0
kuburan,0
kucing garong,0
kuda jantan,0
kudis,0
kue keju,0
kue-kue,0
kuliner,0
kulit pohon,0
kultus,0
kunci,0
kuning,0
kunjungan,0
kuno,0
kurang ajar,0
kurang bayar,0
kurang bersemangat,0
kurang informasi,0
kurang lengkap,0
kurang menarik,0
kurang pengalaman,0
kurang pengetahuan,0
kurang sopan,0
kurungan,0
kurus,0
kusta,0
kusut,0
kutil,0
kutu,0
kutu buku,-1
kutuk,0
kutukan,0
labirin,0
lagi,0
lagu,0
lagu Natal,0
lagu pendek,0
lahar,0
laknat,0
laksamana,0
lakukan,0
lalai,0
lalim,0
lamban,0
lambang,0
lampiran,0
lamunan,0
lamur,0
lancang,0
landak,0
langit,0
langka,0
langsing,0
langsung,-1
lapar,0
lapis,0
lapisan,0
larangan,0
larutan,0
laser,0
laut,0
lawan,0
layak,0
layang-layang,0
layu,0
lebih besar,0
lebih buruk,0
lebih menyukai,0
lebih rendah,0
lebih tua,0
lecet,0
lega,0
legendaris,0
lelah,0
lelaki yg tdk terpelajar,0
lelucon,0
lemah,0
lemak,0
lemas,0
lembam,0
lembek,0
lembut,0
lemon,0
lencana,0
lentur,0
lepuh,0
lesu,0
letal,0
letih,0
letusan,0
leukemia,0
lezat,-1
liar,0
liberal,-1
liburan,0
licin,0
liga,0
lihai,0
limbah,0
lincah,0
linglung,0
lintah,0
linu panggul,0
lirik,0
liris,0
listrik,0
logis,0
longgar,0
loon,0
lowongan,0
loyal,0
loyalitas,0
luak,0
luar biasa,-2
luar negeri,0
luas,0
lucu sekali,0
luka,0
lumayan,0
lumba-lumba,0
lumpuh,0
lumpur,0
lumpur salju,0
lunak,0
lupa,0
lusuh,0
lynch,0
maaf,0
maag,0
mabuk,0
mafia,0
magnet,0
magnetit,0
mahakuasa,0
mahatahu,0
mahir,0
maju,0
makan,0
makan malam,0
makanan,0
makanan ternak,0
makhluk,0
makhluk hidup,0
makmur,0
maksimum,0
malaikat,0
malang,0
malapetaka,0
malaria,0
malas,0
maling,0
malpraktik,0
malu,0
mandamus,0
mandat,0
mandi,0
mandor,0
manfaat,0
mangsa,0
manipulasi,0
manis,0
manisan,0
manna,0
mantap,0
manusia super,0
manusiawi,0
mapan,0
marquis,0
marsekal,0
martingale,0
martir,0
masa kanak-kanak,0
masa kejayaan,0
masa pensiun,-1
masalah,0
masam,0
maskulin,0
massa,0
masyarakat,0
mata duitan,0
matahari,0
matahari terbenam,0
matang,0
materialis,0
materialisme,0
mati,0
mati lemas,0
mati rasa,0
mayat,0
mayoritas,0
mazmur,0
medali,0
medan perang,0
mediasi,0
medis,0
mediterania,0
megah,0
mekar,0
melahap,0
melaksanakan,-1
melampiaskan,0
melanggar,0
melanggar hukum,0
melanjutkan,0
melankolik,0
melankolis,0
melarang,0
melawan,0
melayani,-1
melayu,0
melebih-lebihkan,0
melebihi,0
melecehkan,0
meledak,0
meledakkan,0
melelahkan,0
melemah,0
melengkapi,0
melengking,0
melengkung,0
melenyapkan,0
meleset,0
melestarikan,0
meletus,0
melewati,0
melibatkan,0
melihat,0
melimpah,0
melimpahi,0
melimpahkan,0
melindungi,0
meliur,0
melolong,0
melompat,-1
meluap,0
melukai,0
melumpuhkan,0
meluncur,0
meluncurkan,0
melupakan,0
memaafkan,0
memadamkan,0
memahami,0
memakai,0
memaksa,0
memalsukan,0
memalukan,0
memamerkan,0
memancarkan,0
memancing,0
memandu,0
memanen,0
memanggang,0
memanipulasi,0
memanjakan,0
memar,0
memarahi,0
memarut,0
memastikan,0
mematangkan,0
mematikan,0
mematuk,0
membabi buta,0
membaca,0
membagikan,0
membahayakan,0
membalas,-1
membalikkan,0
membanggakan,-1
membangkitkan,-1
membangun,0
membanjiri,0
membantah,0
membanting,0
membantu,0
membarui lagi,0
membasmi,0
membatalkan,0
membatasi,0
membayar,0
membayar kembali,0
membebani,0
membebaskan,0
membedakan,0
membela,0
membelah,0
membelai,-1
membenamkan,0
membenci,0
membentengi,0
membentuk,0
memberatkan,0
memberdayakan,0
memberi,0
memberikan,0
memberkati,0
memberontak,0
membersihkan,-1
membesut,0
membina,0
membinasakan,0
memboikot,0
membombardir,0
membongkar,0
membosankan,0
membual,0
membuang,0
membuat,-1
membuat bingung,0
membuat terkesan,0
membuat ulang,0
membuka,-2
membuktikan,0
membumbui,0
membungkuk,0
membunuh,0
memburu,0
memburuk,0
membusuk,0
memekik,0
memeluk,0
memenjarakan,0
memenuhi,0
memenuhi syarat,0
memerah,0
memeriahkan,0
memerintah,0
memfitnah,0
memikat hati,0
memilih,0
memiliki,0
memimpin,0
meminta maaf,0
memisahkan,0
memohon,0
memotong,0
mempekerjakan,0
mempelai,0
mempelajari,0
memperbaiki,0
memperbudak,0
mempercantik,0
memperdaya,0
memperingati,0
memperingatkan,0
memperkaya,0
memperkecil,0
memperkosa,0
memperkuat,0
memperlambat,0
memperoleh,0
memperpanjang,-1
mempersiapkan,0
mempertaruhkan,0
mempertinggi,0
mempesona,0
memproduksi,0
memprovokasi,0
memuakkan,0
memuaskan,0
memudahkan,0
memudar,0
memuja,0
memuji,0
memukau,0
memukul,0
memukul mundur,0
memulangkan,0
memuliakan,0
memulihkan,0
memungkinkan,0
memurnikan,0
memusnahkan,0
memutuskan,0
memveto,0
memvonis,0
menabrak,0
menakjubkan,0
menakuti,0
menambah,0
menambatkan,0
menanduk,0
menanggung,0
menangis,0
menangkap,0
menanjak,-1
menara,0
menari,0
menarik,-2
menarik kembali,0
menasihati,0
menatap,0
menawan,0
menawarkan,0
mencairkan,0
mencambuk,0
mencampuradukkan,0
mencampuri,0
mencekik,0
mencela,0
mencemari,0
mencemoohkan,0
mencerahkan,0
mencetak kembali,0
mencoba-coba,0
mencolek,0
mencolok,0
mencongkel,0
menculik,0
mencurangi,0
mencuri,0
mencurigakan,0
mendahului,0
mendakwa,0
mendambakan,0
mendapatkan,0
mendarat,0
mendasar,0
mendatangkan,0
mendayung,0
mendebarkan,0
mendekam,0
mendera,0
mendesak,0
mendesis,0
mendeteksi,0
mendidihkan,0
mendidik,0
mendiskreditkan,0
mendominasi,-1
mendorong,-1
menduga,0
mendukung,0
mendung,0
menebus,0
menegaskan,0
menegaskan kembali,0
meneguk,0
menegur,0
menekan,0
menekankan,0
menelantarkan,0
meneliti,0
menembak,0
menempa,0
menempati,0
menenangkan,0
menengahi,0
menenggak,0
menenggelamkan,0
menentang,0
menerangi,0
menerima,0
meneror,0
mengabaikan,0
mengaburkan,0
mengadili,0
mengagumi,0
mengagungkan,0
mengajar,0
mengajukan perkara,0
mengakui,-1
mengalah,0
mengalir,0
mengambil bagian,0
mengamuk,0
mengancam,0
mengangkat,0
menganiaya,0
mengantar,0
menganugerahkan,0
mengasingkan,0
mengatakan,0
mengatur,0
mengecam,0
mengecewakan,0
mengecilkan hati,0
mengejar,0
mengejek,0
mengejuntukan,0
mengejutkan,0
mengelilingi,-1
mengelola,0
mengeluarkan,0
mengeluh,0
mengelupas,0
mengembalikan ke penjara,0
mengembalikan lagi,0
mengembangkan,0
mengemis,0
mengenakan,0
mengepung,0
mengerang,0
mengeras,0
mengerikan,0
mengernyit,0
mengerti,0
mengerutkan kening,0
mengesalkan,0
menggabungkan,0
menggagalkan,0
mengganggu,0
mengganti rugi,0
menggantikan,0
menggarisbawahi,0
menggasak,0
menggelapkan,0
menggelegar,0
menggelepar,0
menggeliat,0
menggelikan,0
menggelisahkan,0
menggelitik,0
menggemaskan,0
menggeram,0
menggerenyet,0
menggertak,0
menggertakkan,0
menggigil,0
menggigit,0
menggiling,-1
menggolongkan,0
menggosok,0
menggugurkan,0
menggulingkan,0
menghadiahkan,0
menghalangi,0
menghambat,0
menghancurkan,0
menghanguskan,0
menghantui,0
menghapus,0
menghapuskan,0
mengharapkan,0
menghargai,0
menghasilkan,0
menghasut,0
menghentikan,0
menghibur,0
menghidupkan,-1
menghilang,0
menghina,0
menghindari,0
menghitung,-1
menghormati,0
menghujat,0
menghukum,0
mengigau,0
mengilhami,0
mengimbangi,0
menginginkan,0
menginstruksikan,0
mengintai,0
mengira,0
mengirik,0
mengisap,0
mengisi kembali,0
mengizinkan,0
mengkhawatirkan,0
mengkhianati,0
mengkritik,0
mengoceh,0
mengolah,0
mengomel,0
mengotori,0
mengoyakkan,0
menguap,0
menguasai,0
menguatkan,0
mengubah,0
mengudara,0
menguduskan,0
mengundang,0
mengundurkan diri,0
mengunjungi,0
menguntungkan,0
mengupas,0
menguping,0
mengurangi,0
mengurung,0
mengusap,0
mengusir,0
mengutil,0
mengutip,-1
mengutuk,0
menikmati,0
menimbulkan,0
menimpa,0
menindas,0
meninggalkan,0
meningkat,-1
meningkatkan,-1
menipu,0
meniru,0
menirukan,0
menjadi korban,0
menjaga,0
menjamin,0
menjanjikan,0
menjarah,0
menjatuhkan,0
menjauhkan,0
menjauhkan diri,0
menjelaskan,0
menjemukan,0
menjengkelkan,0
menjerit,0
menjijikan,0
menjijikkan,0
menjilat,0
menodai,0
menolak,0
menonaktifkan,0
menonjol,0
menopang,0
mentah,0
mentolerir,0
menuduh,0
menukarkan,0
menular,0
menulari,0
menumbangkan,0
menumpas,0
menunda,0
menundukkan,-1
menuntut,0
menurunkan,0
menusuk,0
menutup perkara,0
menutupi,-1
menyakiti,0
menyakitkan,0
menyalahkan,0
menyalak,0
menyalibkan,0
menyambut,0
menyampaikan,0
menyangkal,0
menyanjung,0
menyanyi,0
menyarankan,0
menyaring,0
menyayangkan,0
menyebarkan,0
menyeberang,0
menyederhanakan,0
menyediakan,0
menyedihkan,0
menyegarkan,0
menyelamatkan,0
menyelesaikan,0
menyelidiki,0
menyelinap,0
menyelundupkan,0
menyembelih,0
menyenangkan,0
menyengat,0
menyerah,0
menyerahkan,0
menyerang,0
menyerbu,0
menyeringai,0
menyesal,0
menyesatkan,0
menyesuaikan,0
menyetujui,0
menyia nyiakan,0
menyiksa,0
menyimpan,0
menyimpang,0
menyimpulkan,0
menyinggung,0
menyinkronkan,0
menyiram,0
menyisihkan,0
menyita,0
menyuap,0
menyukai,0
menyulitkan,0
menyumbang,0
menyumpahi,0
menyusut,0
meragukan,0
merah tua,0
meraih,0
merak,0
meramalkan,0
merana,0
merangkak,0
merangkul,0
merangsang,0
merapikan,0
merasa,-1
merasa ngeri,0
merasa tidak aman,0
meratap,0
meratapi,0
merawat,-1
merayakan,0
mercu suar,0
merebut,0
meredakan,0
merekonstruksi,0
meremajakan,0
merembes,0
meremehkan,0
merendahkan,0
merengek,0
merenovasi,0
merenungkan,0
merevisi,0
meriah,0
meriam,0
meringankan,0
merobek,0
merogoh,0
merombak,0
merosot,0
merpati,-1
merugikan,0
merusak,0
merusak bentuk,0
mesin tenun,0
meskipun,0
mesum,0
metanol,0
metastase,0
metropolitan,0
mewah,0
mewajibkan,-1
meyakinkan,0
mikroskopi,0
milik,0
milisi,0
mimbar,0
mimpi buruk,0
minat,0
minimum,0
minoritas,0
minta maaf,0
minum,-1
minuman,0
minuman keras,0
minyak bumi,-1
miring,0
misionaris,0
miskin,0
mitra,0
mobil jenazah,0
model,0
moderator,0
modis,0
momentum,0
momok,0
moncong,0
montok,0
moral,0
moralitas,0
morbiditas,0
mortir,0
motif,0
mual,0
muda,0
mudah,0
mudah beradaptasi,0
mudah dibodohi,0
mudah diingat,0
mudah marah,0
mudah tersinggung,0
mulia,-1
munafik,0
mundur,0
muntah,0
murah,-1
muram,0
murni,0
murung,0
musik,0
musikal,0
musim,0
musnah,0
mustahil,0
musuh,0
mutan,0
mutilasi,0
mutlak,0
nabi,0
nadir,0
nafsu,0
naif,0
najis,0
nakal,0
nalar,0
naluriah,0
nama yg salah,0
nanah,0
nasihat,0
naskah,0
naturalis,0
negatif,0
negosiasi,0
nektar,0
nenek,0
nenek moyang,0
nepotisme,0
neraka,0
neurotik,0
ngawur,0
ngelantur,0
ngeri,0
ngobrol,0
ngomel,0
niat baik,0
nihilisme,0
nikah,0
nikotin,0
nirkabel,0
noda,0
normalitas,0
nul,0
nyali,0
nyaman,0
nyamuk,0
nyanyian,0
nyanyian pujian,0
nyaring,0
nyata,0
nyonya,0
oasis,0
obat bius,0
obat mujarab,0
obat pencahar,0
obi,0
objektif,0
obligasi,0
obstruktif,0
ocehan,0
oksidasi,0
oligarki,0
omelan,0
omong kosong,0
omongan,0
opera,-1
opsional,0
optimis,0
optimisme,0
orang aneh,0
orang asing,0
orang bodoh,0
orang buangan,0
orang cabul,0
orang celaka,0
orang desa,0
orang gila,0
orang miskin,0
orang munafik,0
orang-orang terkenal,0
orang-orangan sawah,-1
orc,0
organik,0
organisasi,0
orgasme,0
orkestra,0
otak,0
otokratis,0
otorisasi,0
otoritas,0
overdosis,0
pabrikan,0
pacaran,0
padang rumput,0
padat,0
paduan suara,0
pahat,0
pahlawan,0
pahlawan wanita,0
pajak,0
pak,0
paliatif,0
paling tinggi,-1
palsu,0
panas,0
pandai berbicara,0
pandemi,0
panduan,0
pangeran,0
panggilan,0
panik,0
pantas,0
pantat,0
pantomim,0
paprika,0
parafrase,-1
paranoid,0
parasit,0
parau,0
parietal,0
parodi,0
partisan,0
partisipasi,0
parut,0
pasangan,0
pasien,0
pasif,0
pasti,0
patah,0
paten,0
patriarkhal,0
patuh,0
patung,0
paus,0
payudara besar,0
pecah,0
pedalaman,0
pedang,0
pedas,0
pejalan kaki,0
pejantan,0
pejuang,-1
pekerjaan,0
pekerjaan rumah,0
pekerjaan yg membosankan,0
pelabuhan,0
pelacur,0
pelacuran,0
pelajaran,0
pelaksanaan,0
pelampung,0
pelanggan,0
pelanggar,0
pelanggaran,0
pelanggaran hukum,0
pelapor,0
pelat ketel,0
pelawak,0
pelayan,-1
pelega,0
pelengseran,0
pelepasan,0
pelindung,0
pelit,0
pelobi,0
pelopor,0
peluang,0
pelupaan,0
pemahkotaan,0
pemain,0
pemakaman,0
pemalas,0
pemalsuan,0
pemalu,0
pemarah,0
pembaca,0
pembajakan,0
pembakar,0
pembakaran,0
pembalas,0
pembalasan,0
pembalasan dendam,0
pembangkang,0
pembangkangan,0
pembantaian,0
pembantu,0
pembaptisan,0
pembaru,0
pembaruan,0
pembatalan,0
pembawa,0
pembayaran,0
pembebasan,0
pembekuan,0
pembela,0
pembelaan,0
pembenaran,0
pembengkakan,0
pemberani,0
pemberantasan,0
pemberdayaan,0
pemberian,0
pemberontak,0
pemberontakan,0
pembersihan,0
pembicara utama,0
pembimbing,0
pembohong,0
pembongkaran,0
pembuangan,0
pembuatan,0
pembubaran,0
pembunuh,0
pembunuhan,0
pembunuhan anak,0
pemburu,0
pemburuan kelinci,0
pemecatan,0
pemegatan,0
pemenang,0
pemenang hadiah,0
pemenuhan,0
pemerasan,0
pemerintah,0
pemikir,0
pemimpin,0
pemindahan,0
peminjam,0
pemisahan,0
pemisahan diri,0
pemotong,-1
pemotongan,0
pemujaan,0
pemujaan berhala,0
pemukim,0
pemulihan,0
pemulihan nama baik,0
pemulung,0
pemurnian,0
pemusnahan,0
pemutarbalikan,0
penahan,0
penahanan,0
penaklukan,0
penalti,0
penambah,0
penampil,0
penanaman,0
penangguhan,0
penangkal,0
penangkapan,0
penanya,0
penasihat,0
pencabutan,0
pencahar,0
pencalonan,0
pencapaian,0
pencarian,0
pencegahan,-1
pencerahan,0
penceramah,0
pencium,0
penculikan,0
pencuri,0
pencurian,0
pendakian,0
pendamping,0
pendampingan,0
pendarahan,0
pendendam,0
pendengaran,0
penderita,0
penderitaan,0
pendeta,0
pendidikan,0
pendosa,0
penduduk,0
pendukung,0
penebusan,0
penebusan dosa,0
penekanan,0
penembakan,0
penemu,0
penemuan,0
penengah,0
penentuan,0
penerangan,0
penerbangan,0
penerimaan,0
penetrasi,0
pengabadian,0
pengabaian,0
pengacara,-1
pengacau,0
pengadilan,0
pengaduan,0
pengagum,0
pengajar,0
pengalihan,0
pengampunan,0
penganggur,0
penganiayaan,0
pengantin,0
pengantin perempuan,0
pengap,0
pengarang,0
pengaruh,-1
pengawal,0
pengawas,0
pengawasan,-1
pengawet,0
pengeboman,0
pengecualian,0
pengecut,0
pengekangan,0
pengelolaan,0
pengeluaran,0
pengembalian,-1
pengemis,0
pengenaan,0
pengendara,0
pengetahuan,0
penggalian,0
penggantian,0
penggelapan,0
penggemar,0
penggerak,0
penggoda,-1
penggugat,0
penghalang,0
penghambatan,0
penghancuran,0
penghapusan,0
penghargaan,0
penghasilan,-1
penghentian,0
penghiburan,0
penghinaan,0
penghindaran,0
penghormatan,0
penghukuman,0
penghuni,0
penghuni liar,0
pengiriman,0
pengiring pengantin perempuan,0
pengisi daya,0
pengkhianat,0
pengkhianatan,0
pengkritik,0
penglihatan,0
pengorbanan,0
penguasaan,0
penguatan,0
pengudusan,0
pengunduran diri,0
pengungsian,0
pengunjung,0
penguraian,0
pengurangan,-1
pengusiran,0
pengusiran setan,0
pengutang,0
penikmat,0
penindas,0
penindasan,0
peninggian,0
peningkatan,0
penipu,0
penipuan,0
peniru,0
peniruan,0
penistaan,0
peniup,0
penjaga,0
penjahat,0
penjara,0
penjara bawah tanah,0
penjudi,0
penodaan,0
penolak,0
penolakan,0
pentahbisan,0
penting,0
pentingnya,0
penuduh,0
penuh,-2
penuh arti,0
penuh bintang,0
penuh dosa,0
penuh gairah,0
penuh harapan,0
penuh kasih,0
penuh kebencian,0
penuh perhatian,0
penuh pertimbangan,0
penuh semangat,0
penuh teka-teki,0
penularan,0
penulis,0
penumpasan,0
penundaan,0
penuntutan,0
penurunan,0
penutupan,0
penyair,0
penyajian,-1
penyakit,0
penyakit gondok,0
penyakit jiwa,0
penyakit kuning,0
penyalahgunaan,0
penyaliban,0
penyaluran pecomberan,0
penyangkalan,0
penyataan,0
penyatuan,0
penyayang,0
penyebaran,0
penyeberangan,0
penyelamatan,0
penyelesaian,0
penyelewengan,0
penyelidikan,0
penyelundup,0
penyelundupan,0
penyembunyian,0
penyemburan,0
penyerang,0
penyerbu,0
penyergapan,0
penyesalan,0
penyewa,0
penyewaan,0
penyiasat,0
penyihir,0
penyimpanan,0
penyimpangan,0
penyitaan,0
penyok,0
penyuapan,0
penyumbang,0
penyumbatan,0
penyunatan,0
peracunan,0
perada,0
peradaban,0
peradangan,0
peradilan,0
perakitan,0
peramal,0
perampasan,0
perampok,0
perampokan,0
perancah,0
perancang,0
perang,0
perang salib,0
perangkap,0
perangsangan,0
perapian,0
peraturan,0
perawakan,0
perawan,0
perawan tua,0
perawat,0
perayaan,0
perbaikan,-1
perbedaan,-1
perbedaan pendapat,0
perbuatan zina,0
perbudakan,0
perburuan,0
percakapan,0
percaya,0
percaya diri,0
perceraian,0
percintaan,0
perdamaian,0
perdebatan,0
peredam,0
perekam,0
perempuan,0
perencanaan,0
pergolakan,0
pergumulan,0
perhatian,0
perhiasan,0
periang,0
peringatan,-2
peringkat,0
perintah,0
perjalanan,0
perjamuan,0
perjanjian,-1
perkawinan,0
perkelahian,0
perlawanan,0
perlindungan,0
permata,0
permen,0
permintaan maaf,0
permohonan,-1
permusuhan,0
pernikahan,0
perokok,0
perombakan,0
perpecahan,0
persahabatan,0
persaingan,0
persamaan,0
persatuan,0
persaudaraan,0
persaudaraan wanita,0
persediaan,0
perselisihan,0
persemakmuran,0
persenjataan,0
persetujuan,0
pertahanan,0
pertanda,0
pertandingan,0
pertanggungjawaban,0
pertanian,0
pertanyaan,0
pertarungan,0
pertempuran,0
pertempuran kecil,0
pertengkaran,0
pertentangan,0
pertikaian,0
pertimbangan kembali,0
pertumbuhan,0
pertumpahan darah,0
pertusis,0
perubahan,0
perubahan warna,0
perunding,0
perusahaan,0
perusahaan monopoli,0
perusak,0
perut kembung,0
perwalian,0
perwira,0
pesenam,0
pesimis,0
pesimisme,0
pesisir,0
pesolek,0
pesona,0
pesta,0
peternakan,0
peti mati,0
petualang,0
petualangan,0
petugas,0
petunjuk,0
phoenix,0
piala,0
pidana,0
pidato,0
pijat,0
piket,0
piknik,0
pikun,0
pil,0
pilih kasih,0
pilihan,0
pilot,0
pingsan,0
pinus,0
pisau bedah,0
pistol,0
pita,0
plagiat,0
pleno,0
pohon,0
pohon salam,0
polemik,0
poligami,0
polio,0
polisi,0
politik,0
polos,0
polusi,0
pondok,0
pop,0
popok,0
popularitas,0
populasi,0
porno,0
pornografi,0
poros,0
portabel,0
pose,0
potensi,0
potongan harga,0
pound,0
praktek,0
prasangka,0
prasmanan,0
prem,0
presisi,0
prestasi,0
prestise,0
pria,-1
primer,0
produksi,0
produktif,0
produktifitas,0
produsen,0
profesi,0
profesional,0
profesor,0
progresif,0
promosi,0
promosi sensasional,0
propaganda,0
prosedur,0
proses pengadilan,0
prosesi,0
prospek,0
provokasi,0
psikosis,0
pualam,0
puas,0
puasa,0
publik,0
puing,0
pujian,0
pukulan,0
punah,0
puncak,0
pupuk,0
pusing,0
putihnya,0
putri,0
putus,0
putus asa,0
rabies,0
racun,0
radang dingin,0
radang paru-paru,0
radang usus buntu,0
radiasi,0
radio,0
radioaktif,0
radon,0
ragu,0
rahasia,0
rahim,0
rahmat,0
raja,0
rak,0
raket,0
raksasa binatang,0
rakyat jelata,0
ralat,0
ram,0
ramah,0
ramah tamah,0
ramping,0
rampok,0
rapi,0
rasa gelisah,0
rasa hormat,0
rasa ingin tahu,0
rasa malu,0
rasa manis,0
rasa sakit,0
rasa syukur,0
rasa takut,0
rasa tidak enak,0
rasional,0
rasul,0
rawa,0
rayap,0
reaksioner,0
redaman,0
reformasi,0
regresi,0
regresif,-1
rehabilitasi,0
rekan,0
reklamasi,0
rekonsiliasi,0
rekonstruksi,0
rekreasi,0
rel,0
rela,0
relaksasi,0
relevan,0
remang,0
renda,-1
rendah,0
rendah budi,0
rendah diri,0
rendah hati,-1
renovasi,0
rentan,0
reporter,0
represi,0
reproduksi,0
republik,0
resah,0
resesi,0
resistif,0
resmi,0
responsif,0
restitusi,0
restoratif,0
retak,0
retakan,0
retribusi,0
reumatik,0
reuni,0
revolusi,-1
revolusioner,0
rewel,0
reyot,0
riam,0
riang,0
riasan,0
riba,0
ribut,0
rindu,0
ringkas,0
rintangan,0
rintik,0
riuh,-1
roadster,0
robek,0
roh,0
rokok,0
romantis,0
romantisme,0
rongseng,0
roti,0
roti panggang,0
royalti,0
ruam,0
ruang bawah tanah,0
ruang santai,0
rubah betina,0
rubrik,0
rumah bermain,0
rumah jagal,0
rumah petak,0
rumah tangga,0
rumit,0
rumpun,0
rumput liar,0
rumus,0
runtuh,0
rupawan,0
rusak,0
rusuh,0
ruth,0
rutin,0
sabotase,0
sabuk,0
sadar,0
sah,0
saham,0
sakit,0
sakit gigi,0
sakit hati,0
sakit kepala,0
sakit perut,0
sakit saraf,0
sakitan,0
salah,0
salah menaruhkan,0
salah mengartikan,0
salah paham,0
salah saji,0
salah tafsir,0
salah tempat,0
salah urus,0
salam,0
saleh,0
salinan,0
saling,0
salju longsor,0
saluran pembuangan,0
salut,0
sama,0
sama sekali,0
samaran,0
sambilan,0
sambutan hangat,-1
sampah,0
sampai sekarang,0
sampar,0
samurai,0
sandera,0
sandiwara,0
sandiwara sensasi,0
sangat,-2
sangat berharga,0
sangat gembira,0
sangat indah,0
sangat kuat,0
sangat lapar,0
sangat luas,0
sangat marah,0
sangat rapi,0
sanitasi,0
santai,0
santo,0
santun,0
saraf,0
sarang,0
sarang lebah,0
sarapan,0
sarat,0
sarjana,0
sarjana muda,0
sarkasme,0
sarkoma,0
sarung tangan bulu,0
satin,0
satu warna,0
saudara,0
saudara laki-laki,0
sayang,0
sayap,0
scrapie,0
sebaiknya,0
sebelum waktunya,0
sebelumnya,0
sebenarnya,0
sebentar lagi,0
secara harmonis,0
secara kolektif,0
secara mencolok,0
secara mengejutkan,0
secara menyedihkan,0
secara paksa,0
secara pantas,0
sedang,0
sedang belajar,0
sederhana,-1
sedih,0
sedikit,0
segan,0
segel,0
segelintir,0
segera,0
sehat,0
seimbang,0
sekam,0
sekarat,0
sekering,0
sekresi,0
sekretariat,0
seks,0
sektarian,0
sekuestrasi,0
sekutu,0
sela,0
selai,0
selalu,0
selang,0
selat,0
selebaran,0
selebriti,-1
selikuran,0
selingan,0
selip,0
semangat,0
sembelit,0
sembrono,0
sembuh,0
sembunyi,0
sementara,0
sempit,0
sempurna,0
senang,0
senang sekali,0
senapan,0
sendiri,0
sengit,0
seni,0
senioritas,0
senjata,0
senjata api,0
sensasi,0
sensasional,0
sensor,0
sensual,-1
sensualitas,0
sentimentil,0
senyum,0
seolah-olah,0
sepa,0
sepak bola,0
sepakat,0
separatis,0
sepatu kasual,0
sepatutnya,0
sepenuh hati,0
sepenuhnya,0
seperti bangsawan,0
seperti beludru,0
seperti budak,0
seperti malaikat,0
sepi,0
sepintas lalu,0
sepsis,0
septik,0
seragam,0
serak,0
seram,0
serangan,0
serangan mendadak,0
serangga,0
serat,0
serba salah,0
serempak,0
serikat,0
seringai,0
serpihan,0
seru,0
serum,0
sesama,0
sesat,0
sesepuh,0
sesuai,0
sesungguhnya,0
setan,0
setengah jalan,0
setia,0
setuju,0
shanghai,0
sia-sia,0
sial,0
sianida,0
siap,0
sifat lekas marah,0
sifat takut-takut,0
sihir,0
siksaan,0
silau,0
silsilah,0
simbolis,0
simetri,0
simetris,0
simfoni,0
simpati,0
simpatik,0
sinergis,0
singa,0
sinis,0
sinkop,0
sinode,0
sinonim,-1
sipil,0
sipir,0
siput,0
sirene,0
sisa rasa,0
sisa-sisa,0
sitomegalovirus,0
skandal,0
skema,0
skeptis,0
skizofrenia,0
skor,0
sobat,0
solvabilitas,0
somatik,0
sombong,0
sonar,0
sonata,0
sonet,0
sopan,0
sosial,0
sosialis,0
spa,0
spaniel,0
spektral,0
spekulasi,0
spesial,0
spesies,0
spionase,0
spons,0
sponsor,0
sprite,0
stabil,0
staccato,0
status,0
stereotip,0
steril,0
sterling,-1
stigma,0
strategis,0
struktur,0
suaka,-1
suami yg istrinya tdk setia,0
suara,0
subjek,0
sublimasi,0
subsidi,0
substantif,0
subur,-1
subversi,0
subversif,0
suci,0
suka beperkara,0
suka berteman,0
suka damai,0
sukacita,0
sukar dipahami,0
sukarelawan,0
sulap,0
sulit,0
sulit dipercaya,0
sulung,0
sumbang,0
sumbangan,0
sumber daya,0
sumber hidup,0
sumber keuntungan,0
sumpah,0
sumpah palsu,0
sumsum,0
sungguh,0
sungguh-sungguh,0
sup krim,0
superstar,0
supremasi,-1
suram,0
surat kabar,0
surga,0
surgawi,0
suri teladan,0
surutnya,0
survei,0
sutra,0
syaitan,0
taat,0
tabah,0
tabrakan,0
tabu,0
tabungan,0
tahan,-1
tahan air,0
tahan api,0
tahan cuaca,0
tahan karat,0
tahan lama,0
tahan panas,0
tahanan,0
tajam,-2
tak ada taranya,0
tak berarti,0
tak berbalas,0
tak bercacat,0
tak berdasar,0
tak berdaya,0
tak berguna,0
tak berjiwa,0
tak berkesudahan,-1
tak bermutu,0
tak bernyawa,0
tak berperabot,0
tak bertuhan,0
tak berujung,-1
tak henti-hentinya,0
tak kenal ampun,0
tak kenal takut,0
tak layak,0
tak menentu,0
tak sedap dipandang,0
tak tahu malu,0
tak tentu,0
tak terbantahkan,0
tak terbatas,0
tak terbayangkan,-1
tak terdengar,0
tak terduga,0
tak tergoyahkan,-1
tak terhapuskan,0
tak terhindarkan,0
tak terhitung,0
tak terjangkau,0
tak terkalahkan,-1
tak terkatakan,0
tak terkekang,-1
tak terkendali,0
tak terlatih,0
tak terlindung,0
tak terlukiskan,0
tak terpikirkan,0
tak terpisahkan,0
tak terputus,0
tak tersembuhkan,0
tak tertahankan,0
tak tertandingi,0
takdir,0
takhta,0
takhyul,-1
taksi,0
takut,0
tamak,0
tambahan,0
tambalan,0
tamparan,0
tanah,-1
tanah longsor,0
tanda Nazi,0
tanda buruk,0
tandus,0
tangan kedua,0
tanggal kematian,0
tangguh,0
tanggung jawab,0
tangkai,0
tanpa belas kasihan,0
tanpa berpikir,0
tanpa berwasiat,0
tanpa cedera,0
tanpa dasar,0
tanpa disadari,0
tanpa harapan,0
tanpa judul,0
tanpa nama,0
tanpa pertumpahan darah,0
tanpa tanda jasa,0
tanpa tubuh,0
tanpa tujuan,0
tantangan,0
tante,0
tarif,0
tata krama,0
tawa,0
tawanan,0
tawar-menawar,0
tdk puas,0
tebusan,0
teduh,0
tegak lurus,0
tegang,0
tegar,0
teguh,0
teguran,0
tekanan,0
teknologi,0
tekun,0
teladan,0
telanjang,0
teliti,0
teluk kecil,0
teman,0
tembakan,0
tembakau,0
tembel,0
tempa,0
tempat,0
tempat berlindung,0
tempat bermain,0
tempat lahir,0
tempat tidur,0
tempur,0
tenaga kerja,0
tenang,-1
tendangan,0
tengah,0
tenggelam,0
tengik,0
tentara,0
teokratis,0
teoretis,0
tepat,0
tepat waktu,0
tepuk,0
tepuk tangan,-1
terak,0
terakreditasi,0
teramat,0
terampil,0
terancam bahaya,0
terapeutik,0
terapi,0
terasing,0
terbaca,0
terbatas,0
terberat,0
terbukti benar,0
tercela,0
tercengang,0
terdampar,0
terdemoralisasi,0
terdepresiasi,0
terdistorsi,0
terendah,0
terengah-engah,0
terganggu,0
tergelincir,0
tergenang,0
terhenti,0
terhibur,0
terhormat,0
teriakan,0
terik,0
terinspirasi,0
terjamin,0
terjerat,0
terjun,0
terkejut,0
terkemuka,0
terkena,0
terkenal,0
terkenal jahat,0
terkilir,0
terkontaminasi,0
terkubur,0
terkulai,0
terkunci,0
terkutuk,0
terlalu mahal,0
terlambat,0
terlibat,0
terluka,0
terlupakan,0
termasuk,0
termasuk keluarga sapi,0
terminal,0
ternoda,0
terompet,0
teror,0
terorganisir,0
teroris,0
terorisme,0
terpaut,0
terpecah,0
terpelajar,0
terpencil,0
terpendam,0
terpenting,0
terperanjat,0
terpercaya,0
terpesona,-1
terpilih,0
terpuji,0
terputus,0
tersakiti,0
tersandung,0
tersebar luas,0
tersedak,0
tersembunyi,0
tersendiri,0
tersentuh,0
tersenyum,0
terserap,0
tersinggung,0
tersusun,0
tertahan,0
tertarik,0
tertawa,0
tertawa kecil,0
tertekan,0
tertib,0
tertinggal,0
tertinggi,0
terus mata,0
tetangga,0
tetanus,0
tetap,-1
tewas,0
theisme,0
tiang gantungan,0
tidak adil,0
tidak aktif,0
tidak akurat,0
tidak aman,0
tidak bahagia,0
tidak benar,0
tidak beralasan,0
tidak berbahaya,0
tidak berbentuk,0
tidak berbuah,0
tidak berdaya,0
tidak berguna,0
tidak berkelanjutan,0
tidak berkembang,0
tidak berlisensi,0
tidak berpendidikan,0
tidak berpengalaman,0
tidak berperasaan,0
tidak bertanggung jawab,0
tidak bias,0
tidak bijaksana,0
tidak bisa diandalkan,0
tidak bisa dihancurkan,0
tidak bisa dijelaskan,0
tidak bisa dilewati,0
tidak bisa dimaafkan,0
tidak bisa dimengerti,0
tidak bisa dipecahkan,0
tidak bisa dipertahankan,0
tidak cocok,0
tidak cukup,0
tidak dapat,0
tidak dapat diakses,0
tidak dapat diatasi,0
tidak dapat dibatalkan,0
tidak dapat dibenarkan,0
tidak dapat dicabut,0
tidak dapat didamaikan,0
tidak dapat dijelaskan,0
tidak dapat dimengerti,0
tidak dapat diperbaiki,0
tidak dapat dipercaya,0
tidak dapat dipertahankan,0
tidak dapat direduksi,0
tidak dapat diterapkan,0
tidak dapat diterima,0
tidak dapat diubah,0
tidak dibatasi,0
tidak didukung,0
tidak digunakan,0
tidak diinginkan,0
tidak diizinkan,0
tidak dikenal,0
tidak diragukan lagi,0
tidak disengaja,0
tidak disetujui,0
tidak disukai,0
tidak diterbitkan,0
tidak efektif,0
tidak efisien,0
tidak egois,0
tidak hormat,0
tidak jelas,0
tidak jujur,0
tidak kompatibel,0
tidak kompeten,0
tidak logis,0
tidak manusiawi,0
tidak masuk akal,0
tidak memadai,0
tidak mematuhi,0
tidak memihak,-1
tidak memuaskan,0
tidak menguntungkan,0
tidak menyenangkan,0
tidak merata,0
tidak nyaman,0
tidak pantas,0
tidak pasti,0
tidak patuh,0
tidak peduli,0
tidak pengertian,0
tidak penting,0
tidak percaya,0
tidak perlu dipertanyakan lagi,0
tidak populer,0
tidak praktis,0
tidak produktif,0
tidak puas,0
tidak ramah,0
tidak relevan,0
tidak resmi,0
tidak sabar,0
tidak sadar,0
tidak sah,0
tidak sehat,0
tidak sempurna,0
tidak senang,0
tidak sengaja,0
tidak senonoh,0
tidak sesuai,0
tidak setara,0
tidak setia,0
tidak setuju,0
tidak siap,0
tidak simpati,0
tidak sopan,0
tidak stabil,0
tidak tahu,0
tidak tahu berterima kasih,0
tidak teratur,0
tidak terbaca,0
tidak terduga,-1
tidak terikat,0
tidak terinfeksi,0
tidak terinspirasi,0
tidak terkendali,0
tidak terkesan,0
tidak termasuk,0
tidak terpengaruh,0
tidak terpenuhi,0
tidak tertarik,0
tidak wajar,0
tidur sebentar,0
tikus,0
tindakan,0
tindakan merugikan,0
tindakan yg bodoh,0
tinggal,0
tinggi,0
tingkat,0
tinja,0
tinjauan ke masa depan,0
tipu daya,0
tipu muslihat,0
tipuan,0
tiran,0
tiupan,0
toilet,0
toko,0
toko buku,0
toksin,0
toleran,0
toleransi,0
tolol,0
tombak,0
tongkat,-1
tontonan,-1
topan,0
topangan,0
torpedo,0
tradisional,0
tragedi,0
tragis,0
transendensi,0
traumatis,0
trigonometri,0
troll,0
tua,-1
tuduhan,0
tugas,-1
tujuan,0
tukang,0
tukang daging,0
tukang panir,0
tukang sortir,0
tulang belakang,-1
tulang punggung,0
tulus,0
tumbuh,0
tumit,0
tumor,0
tumpukan,0
tumpul,0
tunawisma,0
tungau,0
tunggakan,0
tunggu,0
tuntutan,0
tusukan,0
tutup,0
uang,-1
uang tunai,0
ubin,0
ucapan selamat,0
ucapan syukur,0
ulangan,0
ular,0
ular berbisa,0
ular naga,0
ulet,0
ultimatum,0
umpan,0
umum,0
umur panjang,0
undangan,0
unggul,0
unik,0
upacara,0
upah,0
upaya,0
upeti,0
usungan jenazah,0
utama,0
utang,0
utopis,0
utuh,0
vaksin,0
vampir,0
varisela,0
varises,0
vegetatif,0
verbositas,0
verifikasi,0
vertigo,0
veteran,0
vikaris,0
virus,0
virus herpes,0
visioner,0
vital,0
voodoo,0
vulgar,0
wabah,0
wajib,0
wali,0
walikota,0
wanita cantik,0
warga negara,0
warisan,0
wartawan,-1
wasir,0
wasit,0
waspada,0
wiski,0
wot,0
xenofobia,0
yang saling melengkapi,0
yg beralamat buruk,0
yg berhutang,0
yg diperlukan,0
yg ketinggalan jaman,0
yg menerangkan,0
yg mungkin berubah,0
yg tak ada bandingannya,0
yg tdk berlaku,0
zat,-1
zat yang lengket dan kental,0
zina,0
zip,0
