Indonesian Word,average
Abu,-0.5
Agak,-0.5
Agustus,0.5
Amin,0.5
BENAR,0.5
Bagikan,0.5
Bangsawan tinggi,0.5
Berbuat curang,-0.5
Bir,0.5
Birch,-0.5
Brendi,-0.5
Burung puyuh,-0.5
Campuran,0.5
Cantik,0.5
Countess,0.5
Cuka Apel,0.5
Dewan,0.5
Direktur,0.5
Fajar,0.5
Gila,-0.5
Gula,0.5
Himpunan,0.5
Hore,0.5
Ikuti,0.5
Injil,0.5
Iya,0.5
Kalkulator,0.5
Kapten,0.5
Katedral,0.5
Kecantikan,0.5
Kecelakaan kapal,-0.5
Kejam,-0.5
Kemuliaan,0.5
Kepala Sekolah,0.5
Komunis,-0.5
Konvensi,0.5
Mandarin,0.5
Memesan,0.5
Monumen,0.5
Negro,-0.5
Nikmati,0.5
POLISI,0.5
Palsu,-0.5
Parade,0.0
Pasifik,0.5
Pasokan,0.5
Pembenahan,0.5
Penghargaan,0.5
Penyihir,0.5
Perdana,0.5
Perlengkapan tulis,-0.5
Perpustakaan,0.5
Pilih,0.0
Polandia,0.5
Praktik,0.5
Presiden,0.5
Renaisans,0.5
Roh,0.5
Sage,0.5
Saya akan,-0.5
Scotch,-0.5
Sebagai pengganti,0.5
Sepakat,0.5
Sial,-0.5
Sup,0.5
Tuan,0.0
Tuhan,0.5
Tukang onar,-0.5
Universitas,0.5
Yobel,0.5
abadi,1.0
abba,0.5
abnormal,-0.5
abortus,-0.5
abrasi,-0.5
absen,-1.0
abses,-0.5
absolusi,0.5
absurd,-0.5
abu,-0.5
acar,-0.5
accueil,0.5
adanya,0.5
adil,1.0
adonan,-0.5
afirmasi,0.5
agak mabuk,-0.5
agitasi,-0.5
agresi,-0.5
agresif,-1.5
agresor,-0.5
agung,0.5
ahli,1.5
ahli astronomi,0.5
ahli bahasa,0.5
ahli kimia,0.5
ahli nujum,0.5
aib,-1.5
air kotor,-0.5
air raksa,-0.5
ajaib,0.5
akademi,0.5
akademik,0.5
akal,1.0
akan datang,0.5
akhirnya,1.0
akibat,-0.5
akomodasi,0.5
akrab,0.5
akrobat,0.5
aktiva,0.5
akuntabel,0.5
akusatif,-0.5
alamat,0.5
alarm,-0.5
alasan,0.5
alegro,0.5
algojo,-1.0
alimentasi,-0.5
alkitabiah,0.5
alkoholisme,-0.5
almarhum,-1.0
aloha,0.5
amal,0.5
aman,0.5
amarah,-0.5
amat,0.5
ambang,-0.5
ambigu,-0.5
ambisi,0.5
amfetamin,-0.5
amnesia,-0.5
amnesti,0.5
amoralitas,-0.5
anak,0.5
anak anjing,0.5
anak bodoh,-0.5
anak kucing,0.5
anak muda,0.5
anak perempuan,0.5
anak sapi,0.5
anak sungai,0.5
anak yatim,-0.5
anakonda,-0.5
anal,-0.5
analis,0.5
anarki,-0.5
anarkis,-0.5
anarkisme,-0.5
ancaman,-1.0
andalan,0.5
aneh,-1.5
anggun,1.0
angin puyuh,-0.5
angina,-0.5
angka,0.5
angkuh,-0.5
animasi,0.5
anomali,-0.5
anonim,-0.5
ansambel,0.5
antagonis,-0.5
antagonisme,-0.5
antar,-0.5
anti peluru,0.5
antibiotik,0.5
antijamur,0.5
antik,0.5
antikristus,-0.5
antipati,-0.5
antiseptik,0.5
antisosial,-0.5
antitesis,-0.5
antraks,-0.5
antusiasme,0.5
anugerah,1.0
anumerta,-0.5
apache,-0.5
apak,-0.5
apati,-0.5
apatis,-0.5
api,-0.5
api penyucian,-0.5
apresiasi,0.5
argumen,-0.5
argumentatif,-0.5
aristokrasi,0.5
arkeologi,0.5
armada,0.5
arogan,-0.5
aroma,0.5
arsenik,-0.5
artikulasi,0.5
artileri,-1.0
artis,0.5
artistik,0.5
asam,-0.5
asap,-0.5
asing,-0.5
aspirasi,0.5
astronaut,0.5
asusila,-0.5
atas,0.5
ateisme,-0.5
aterosklerosis,-0.5
atlet,0.5
atletis,0.5
atom,0.5
atrophia,-0.5
aura,0.5
autentik,0.5
autopsi,-0.5
avatar,0.5
awas,-0.5
ay,0.5
babak belur,-0.5
babi,-1.5
babon,-0.5
badai,-2.5
badut,0.5
bagal,-0.5
bagus,0.5
bagus sekali,0.5
bahagia,0.5
bahaya,-2.0
bahenol,0.5
bahkan,-0.5
bahu,0.5
baik,1.5
bajak laut,-0.5
bajingan,-3.0
baju zirah,0.5
bakat,1.5
bakteri,-1.0
bal,-0.5
bala bantuan,0.5
balas,-0.5
balet,0.5
balok,1.0
balsem,0.5
banci,-1.5
bandel,-0.5
bandit,-0.5
bang,-0.5
banger,-0.5
bangga,0.5
bangkai,-0.5
bangkrut,-1.5
bangku,-0.5
bangsawan,2.0
bangunan,0.5
banshee,-0.5
bantal,0.5
bantalan,1.0
bantuan,0.5
banyak,0.5
baptisan,0.5
barang,0.0
barang selundupan,-0.5
barbar,-0.5
barbarisme,-0.5
barikade,-0.5
baris,-0.5
basah,-0.5
basi,-0.5
batak,-0.5
batas,-0.5
baterai,-0.5
batu,0.0
batu delima,0.5
batu sandungan,-0.5
batu tulis,0.5
batuan dasar,0.5
batuk,-0.5
bau,-2.0
bawaan,-0.5
bawah,-1.0
bawahan,-0.5
bayi,1.0
bayonet,-0.5
beasiswa,0.5
beban,-0.5
bebas,0.5
begitu banyak,0.5
begitu saja,-0.5
bejat,-0.5
bekam,-0.5
bekas,-0.5
bekas luka,-0.5
bekerja,0.5
bekerja keras,-0.5
bekerja sama,1.0
belahan jiwa,-0.5
belajar,0.5
belakang,-0.5
belalang,-0.5
belanja,0.5
belas kasihan,0.5
belasungkawa,0.5
belati,-0.5
belatung,-0.5
belenggu,-0.5
belerang,-0.5
belitan,-0.5
beludru,0.5
belum dewasa,-0.5
belum dibayar,-0.5
belum dicuci,-0.5
belum lahir,-0.5
belum selesai,-0.5
belum tahu,-0.5
benar,0.5
bencana,-2.0
benci,-2.0
bendera,0.5
bengkak,-1.5
benteng,0.0
benteng pertahanan,0.5
bentrok,-0.5
bentrokan,-0.5
bepergian,0.5
beracun,-1.0
beradab,0.5
berafiliasi,0.5
beragam,0.5
berair,-0.5
berakar,0.5
berakhir,-0.5
berani,2.0
berantakan,-1.0
berat,-1.0
berawa,-0.5
berbahaya,-4.5
berbakat,1.0
berbaring,0.5
berbaris,0.5
berbau,-0.5
berbeda,-0.5
berbicara,-0.5
berbisa,-0.5
berbohong,-0.5
berbuat dosa,-0.5
berbuat salah,-0.5
berbudi luhur,0.5
berbulu,-0.5
berbulu halus,0.5
berbunga-bunga,0.5
bercanda,0.5
berceloteh,0.5
bercinta,0.5
bercita-cita,1.0
berdarah,-1.5
berdarah murni,0.5
berdebar,-0.5
berdengung,0.0
berdenyut,-0.5
berderit,-0.5
berdoa,0.5
berduka,-0.5
berduri,-1.0
berebut,-0.5
berenang,0.5
bergabung,0.5
bergairah,0.5
bergantung,0.0
bergaya modern,0.5
bergejolak,-0.5
bergelut,0.5
bergembira sekali,0.5
bergerak,0.5
bergizi,0.5
bergolak,-0.5
bergumam,-1.0
berguna,0.5
berhantu,-0.5
berharga,1.0
berhasil,1.5
berhasrat,0.5
berhenti,-2.0
berhias,0.5
berhuruf,0.5
berimprovisasi,0.5
berinovasi,0.5
berirama,0.5
berisik,-0.5
berisiko,-0.5
berita kematian,-0.5
berjaya,1.0
berjongkok,-0.5
berjuang,-1.0
berjudi,-1.0
berjumbai,-0.5
berkah,1.0
berkampanye,-0.5
berkarat,-0.5
berkecil hati,-0.5
berkedut,-0.5
berkelahi,-0.5
"berkeliaran, menyimpang",-0.5
berkelok-kelok,-0.5
berkembang,0.5
berkenaan dengan perang,-0.5
berkeropeng,-0.5
berkhayal,-0.5
berkilau,1.0
berkilauan,0.5
berkomitmen,0.0
berkubang,-0.5
berkurang,-0.5
berlabuh,-0.5
berlangganan,-0.5
berlangsung mudah,0.5
berlapis,-0.5
berlawanan,-0.5
berlebihan,-1.0
berlemak,-0.5
berlendir,-0.5
berlian,0.5
berlimpah,0.5
berlumpur,-0.5
bermanfaat,2.5
bermartabat,0.5
bermentega,0.5
bermuka dua,-0.5
bermuka masam,-0.5
bermusuhan,-1.5
bernilai,0.5
berotot,0.5
berpelukan,0.5
berpendar,0.5
berpendidikan,0.5
berpengalaman,1.0
berpengaruh,0.5
berperang,-0.5
berprasangka,-0.5
berpura-pura,-2.0
berputus asa,-0.5
bersahaja,0.5
bersakit,-0.5
bersalah,-1.0
bersangkutan,0.5
bersarang,0.5
bersedih,-0.5
bersekongkol,-0.5
bersekutu,0.5
bersemangat,1.0
bersenang-senang,1.0
bersenda gurau,1.0
bersenjata,0.0
berseri,0.5
berseri-seri,0.5
bersifat membatasi,-0.5
bersifat mendidik,0.5
bersih,0.5
bersin,-0.5
bersinar,1.0
bersisik,-0.5
bersorak,1.0
bersuka cita,0.5
bersuka ria,0.5
bersumpah,0.5
bersyukur,0.5
bertahan,0.5
bertahan hidup,0.5
bertakhyul,-0.5
bertanggung jawab,0.5
bertarung,-0.5
bertekad,0.5
bertele-tele,-0.5
berteman,0.5
bertengkar,-1.0
bertentangan,-1.0
berteriak,-1.0
berterima kasih,0.5
berterimakasih,-0.5
bertunangan,1.0
berubah warna,-0.5
berubah-ubah,-0.5
berukuran kecil,-0.5
berulang,-0.5
beruntung,1.0
berusaha keras,0.5
berwibawa,1.0
besar,1.0
besi,0.0
biadab,-0.5
biara,0.0
biarawan,0.5
biarawati,-0.5
bias,-1.0
biasa,0.5
biasa-biasa saja,-1.0
biaya,-0.5
biaya tambahan,-0.5
bicara,0.5
bidaah,-0.5
bidak,-0.5
bidan,0.0
bijak,0.5
bijaksana,2.5
bikinan,-0.5
bimbang,-1.5
binar,0.5
binasa,-1.0
binatang buas,-0.5
bingung,-1.5
bintang,1.0
bintik,-0.5
biopsi,-0.5
birokrasi,-0.5
birokrat,-0.5
biru,-0.5
bisa dipertahankan,0.5
bisa salah,-0.5
bisa ular,-0.5
blokade,-0.5
bobot,0.0
bobrok,-0.5
bocor,-1.0
bocoran,-0.5
bodoh,-4.0
bohong,-1.0
bola api,0.5
bola basket,0.5
bom,-0.5
bonne,0.5
bonus,0.5
bordil,-0.5
boros,0.0
brigade,-0.5
brokat,0.5
brutal,-1.0
bruto,-0.5
buaian,0.5
buas,-0.5
budak,-0.5
budaya,0.5
buih,-0.5
bujukan,-0.5
bukan kepalang,-0.5
buket,0.5
buku harian,0.5
buku panduan,0.5
bulan madu,0.5
bulat,-0.5
buldog,0.5
bulu,-0.5
bulu babi,-0.5
bulu domba,-0.5
bulu mata,-0.5
bunga,1.0
bunga pala,-0.5
bungkam,-0.5
bunuh diri,-0.5
bupati,0.5
buram,-0.5
buritan,-0.5
buronan,-0.5
buruk,-2.0
buruk sekali,-0.5
burung bangkai,-0.5
burung beo,-0.5
burung raptor,-0.5
busuk,-1.0
buta,-0.5
buta huruf,-0.5
butir,-0.5
cabang,0.5
cabul,-1.0
cacat,-3.5
cacian,-0.5
cacing,-0.5
cad,-0.5
cahaya,0.5
cahaya bintang,0.5
cahaya matahari,0.5
cahaya redup,0.5
cakar,-1.0
cakrawala,0.5
calon,0.5
camar,-0.5
cambuk,-0.5
campak,-0.5
campur aduk,-0.5
candaan,-0.5
candu,-1.0
canggih,0.5
cangkir,0.0
cantik,0.5
cedera,-0.5
cekikikan,0.5
cekung,-0.5
celah,-0.5
cemas,-0.5
cemberut,-1.0
cemburu,-0.5
cemerlang,0.5
cemooh,-0.5
cenderung,0.5
cepat,1.5
cerah,1.0
cercaan,-0.5
cerdas,1.0
cerdik,1.0
cerewet,-1.5
ceri,0.5
ceria,1.0
ceroboh,-1.5
cess,-0.5
cinta,1.5
ciuman,1.0
cocok,0.0
cokelat,0.5
coklat kekuningan,-0.5
contoh,-0.5
crescendo,0.5
cucu,0.5
cukup,0.5
curang,-0.5
curiga,-0.5
dada,-0.5
daemon,-0.5
daerah kantong,-0.5
daerah kumuh,-0.5
daftar periksa,0.5
dahak,-0.5
dakwaan,-1.0
dalam hal,-0.5
dalil,0.5
dangkal,-0.5
dapat diakses,0.5
dapat diandalkan,0.5
dapat dibuktikan,0.5
dapat dicapai,0.5
dapat dikreditkan,0.5
dapat dinavigasi,0.5
dapat dipasarkan,0.5
dapat disembuhkan,0.5
dapat diterima,1.0
dapat ditindaklanjuti,-0.5
dara,-0.5
daratan rendah,-0.5
darurat,-0.5
dasar,1.5
daya hidup,0.5
daya konduksi,0.5
daya tahan,1.0
daya tarik,2.0
debu,-0.5
dedikasi,0.5
definitif,0.5
defisit,-0.5
deflasi,-0.5
degradasi,-1.0
deklinasi,-0.5
dekrit,-0.5
demam,-0.5
demensia,-0.5
demokrasi,0.5
demonstratif,0.5
dendam,-0.5
dengan buruk,-0.5
dengan dingin,-0.5
dengan disabilitas,-0.5
dengan enggan,-0.5
dengan hati-hati,0.5
dengan kejam,-0.5
dengan kekerasan,-0.5
dengan ketakutan,-0.5
dengan kuat,1.0
dengan lalai,-0.5
dengan lemah,-0.5
dengan menyedihkan,-0.5
dengan murah hati,0.5
dengan pahit,-0.5
dengan rendah hati,0.5
dengan santai,0.5
dengan sedih,-0.5
dengan senang hati,0.5
dengan sia-sia,-0.5
dengan tegas,1.5
dengung,0.0
depan,0.5
deportasi,-0.5
depresi,-0.5
depresiasi,-0.5
depresif,-0.5
derajat,0.5
dering,-0.5
derita,-0.5
dermawan,1.5
desersi,-0.5
desinfeksi,0.5
desis,-0.5
deskriptif,0.5
despotisme,-0.5
destruktif,-0.5
detasemen,-0.5
deteksi,0.5
devolusi,-0.5
di depan,0.5
di luar hukum,-0.5
diabaikan,-0.5
diagnosa,-0.5
diam,1.5
diampuni,0.5
dibakar,-0.5
dibatasi,-0.5
dibayar lebih,-0.5
dibenarkan,0.5
diberikan,0.5
diberkahi,0.5
diberkati,0.5
dibom,-0.5
dibuang,-0.5
dibudidayakan,0.5
dicatat,0.5
dicuri,-0.5
didiskualifikasi,-0.5
didukung,0.5
diet,0.5
digagalkan,-0.5
digelapkan,-0.5
dihabiskan,-0.5
dihukum,-1.0
diinginkan,0.5
dikalahkan,-0.5
dikenakan,-0.5
dikenakan biaya,-0.5
dikenali,0.5
dikonfirmasi,0.5
dikontrak,-0.5
dikreditkan,0.5
diktator,-0.5
diktatoris,-0.5
dikutuk,-0.5
dilarang,-1.5
dilegalkan,0.5
dilemahkan,-0.5
dilenyapkan,-0.5
dilucuti,-0.5
dimanifestasikan,0.5
dimulainya kembali,0.5
dimutilasi,-0.5
dingin,-1.0
dipakai,-0.5
dipaksa,-0.5
dipalsukan,-0.5
dipenjara,-0.5
diperbolehkan,0.5
diperbudak,-0.5
diperdebatkan,-0.5
diperingatkan sebelumnya,-0.5
diperoleh,0.5
diperparah,-0.5
dipertanyakan,-0.5
diplomasi,0.5
diplomatik,0.5
dipoles,0.5
dipopulerkan,0.5
dipraktekkan,0.5
dipuji,0.5
dirajam,-0.5
diramalkan,0.5
direbut,-0.5
diremajakan,0.5
direncanakan,-0.5
dirusak,-0.5
disabilitas,-0.5
disebutkan di atas,0.5
disengaja,0.5
disentri,-0.5
disesalkan,-0.5
disimpan,-0.5
disinformasi,-0.5
disiplin,-0.5
diskresi,0.5
diskriminasi,-0.5
diskriminatif,-0.5
diskualifikasi,-0.5
diskusi,0.5
disonansi,-0.5
distilasi,0.5
distorsi,-0.5
disusutkan,-0.5
ditahbiskan,0.5
ditandai,0.5
ditangkap basah,-0.5
ditelantarkan,-0.5
ditemukan,0.5
diterima,0.5
ditinggalkan,-1.0
ditingkatkan,0.5
ditipu,-0.5
ditiru,-0.5
ditolak,-1.0
dituduh,-0.5
ditumbuhi,-0.5
diukur,0.5
diverifikasi,0.5
divestasi,-1.0
diwakili,0.5
dogmatis,-0.5
dokter,1.0
domba,0.5
dominan,-0.5
dominasi,-0.5
dorongan,0.0
dosa,-0.5
douche,-0.5
doyan,-0.5
drainase,-0.5
dua bahasa,0.5
duet,0.5
duka,-3.0
dukun,-0.5
duniawi,-0.5
dupa,-0.5
duri,-1.0
durian runtuh,0.5
dusta,-0.5
duta besar,0.5
efektif,0.5
efisien,0.5
efisiensi,0.5
egois,-1.0
egoisme,-0.5
ejaan,0.5
ejakulasi,0.5
ejekan,-1.5
ek,0.5
eksaserbasi,-0.5
eksekusi,-0.5
eksotik,0.5
ekspedisi,0.5
ekspektasi,0.5
eksplosif,-0.5
ekstasi,0.5
ekstremitas,-0.5
ekuitas,0.5
elaborasi,0.5
eliminasi,-0.5
elite,0.5
emansipasi,0.5
emas,0.5
embargo,-0.5
emboli,-0.5
emeritus,0.5
emir,0.5
empati,0.5
empedu,-1.0
encok,-0.5
encore,0.5
endemis,-0.5
energik,0.5
enggan,-1.0
engkol,-0.5
ensiklopedi,0.5
ephemeris,0.5
epidemi,-0.5
epik,0.5
epilepsi,-0.5
erosi,-0.5
erotis,0.0
estetika,1.0
estetis,0.5
etika,0.5
etis,0.5
eutanasia,-0.5
evakuasi,-0.5
evolusi,0.5
fakta,0.5
fakultas,0.5
fana,-0.5
fanatik,-2.5
fantastis,-0.5
farmasi,0.5
fasih,0.0
fasik,-0.5
fatal,-0.5
favorit,0.5
feodal,-0.5
feodalisme,-0.5
festival,0.5
filibuster,-0.5
filsuf,0.5
firasat,-1.0
fisika,0.5
fisiologi,0.5
fitnah,-2.0
fitting,0.5
fitur,0.5
fleksibilitas,0.5
flu,-0.5
fluktuasi,-0.5
fokus,0.5
fonetis,0.5
formatif,0.5
frustrasi,-1.0
fusi,0.5
gadis,0.5
gaduh,-0.5
gagah,1.0
gagal,-1.5
gagasan,0.5
gaib,0.0
gairah,0.5
gaji,0.5
gambar yg tak berarti,-0.5
ganas,-1.0
gang,-0.5
gangguan,-5.0
ganja,-0.5
ganti rugi,0.5
gantung,-0.5
garang,-0.5
garing,-0.5
garis,-0.5
garnisun,0.5
gawang,0.5
gegabah,-0.5
gegar,-0.5
gejala,-0.5
gelandangan,-1.0
gelisah,-2.0
gembala,0.5
gembira,1.5
gemetar,-1.0
gemetaran,-1.0
gempa bumi,-0.5
gemuk,-1.0
gemuruh,-0.5
gencatan senjata,0.5
gendut,-0.5
genting,-0.5
gerah,0.5
gereja,0.5
geriatrik,-0.5
gerilya,-0.5
germo,-0.5
gerombolan,-0.5
gertakan,-0.5
getah,-0.5
getaran,-0.5
ghetto,-0.5
giat,0.5
gigi,0.5
gigih,1.5
gila,-6.0
giliran,0.5
gipsi,-0.5
glasial,-0.5
goblin,-0.5
godaan,-0.5
gonorea,-0.5
gorila,-0.5
gosip,-0.5
goyah,-0.5
granat,-0.5
grizzly,-0.5
grogi,-0.5
gubernur,0.5
gubuk,-0.5
gudang,-0.5
gugatan,-0.5
guillotine,-0.5
gulat,-0.5
gumpal,-0.5
gumpalan,-0.5
gunung berapi,-0.5
gurih,1.0
guru,1.5
gurun,-0.5
habitat,0.5
hadiah,1.0
haid,0.5
hak lebih tinggi,0.5
halangan,-1.5
halter,-0.5
halus,0.5
halusinasi,-0.5
hama,-1.0
hambar,-1.5
hampa,-0.5
hampir mati,-0.5
hampir tidak,-0.5
hancur,-3.5
hantu,-0.5
hanya sedikit,-0.5
harapan,0.5
harga diri,0.5
hari libur,0.5
hari ulang tahun,0.5
harmoni,0.5
harry,-0.5
harta benda,0.5
harta karun,0.5
harum,0.5
hash,-0.5
hasil,0.5
hasil karya,0.5
hasutan,-0.5
hati nurani,0.5
hati-hati,1.0
haus,-0.5
haus darah,-0.5
hawar,-0.5
hebat,0.0
hedonisme,0.0
helm,0.5
hemat,0.5
heran,0.5
heroik,1.0
heroin,-0.5
herpes,-0.5
hiasan,0.0
hiburan,1.5
hidrosefalus,-0.5
hidup,0.0
hidup bersama,0.5
higienis,0.5
hijau,1.0
hijau abadi,0.5
hilang,-1.0
hina,-1.0
hiperbola,-0.5
hippie,-0.5
hiruk pikuk,-1.0
hiruk-pikuk,-0.5
histeri,-0.5
histeris,-0.5
hiu,-0.5
hobi,0.5
homologi,0.5
hormat,1.0
hubungan,0.0
huff,-0.5
hujan es,-0.5
hukum,0.5
hukuman,-2.0
hukuman penjara,-0.5
huuu,-0.5
iblis,-0.5
ibu,0.0
idealisme,0.5
idola,0.5
igauan,-0.5
ilmiah,0.5
ilmuwan,0.5
ilusi,-0.5
imajinatif,0.5
imamat,0.5
imitasi,-0.5
impoten,-0.5
imut,0.5
inaugurasi,0.5
indah,0.5
indah sekali,0.5
individualitas,0.5
indoktrinasi,-0.5
infark,-0.5
infeksi,-0.5
infiltrasi,0.0
inflasi,-0.5
influensa,-0.5
informasi,0.5
ingin,-0.5
ingin sekali,0.5
ingin tahu,0.5
inklusif,0.5
inkonstitusionil,-0.5
inovasi,0.5
inses,-0.5
inspektur,0.5
inspirasi,0.5
instrumental,0.5
integritas,0.5
intelek,0.5
intelektual,0.5
intelijen,0.5
intens,0.0
intervensi,0.0
inti,0.5
intim,0.5
intimidasi,-0.5
intisari,0.5
intoleran,-0.5
intoleransi,-0.5
intonasi,0.5
intrik,-0.5
intrusi,-0.5
intuisi,0.5
intuitif,0.5
invasi,-0.5
inventif,0.5
irama,0.5
irasional,-0.5
irasionalitas,-0.5
iri,-0.5
iringan,0.5
isi,0.5
isi perut,-0.5
isolasi,-0.5
istimewa,0.5
istirahat,1.0
isu,-0.5
izin,1.0
jackpot,0.5
jahat,-6.5
jalan buntu,-0.5
jalang,-0.5
jaminan,1.5
jamu,0.5
jamur,-1.0
janda,0.5
jangkar,0.5
janji,0.5
jantan,0.5
jarang,-0.5
jargon,-0.5
jarum,0.5
jasmani,0.0
jatuh,-2.0
jatuh cinta,0.5
jatuh terjerambab,-0.5
jauh,-0.5
jelaga,-1.0
jelas,2.0
jelasnya,0.5
jelatang,-0.5
jelek,-1.5
jembalang,-0.5
jenakawan,0.5
jenis,0.5
jenius,0.5
jenuh,-0.5
jerat,-1.0
jerawat,-0.5
jijik,-1.0
jilbab,-0.5
jimat,0.5
jinak,0.5
john,-0.5
jompo,-0.5
jornada,-0.5
juara,0.5
judul,0.5
jujur,2.5
junta,-0.5
jurang,-0.5
juru sita,-0.5
kabar angin,-0.5
kabinet,0.5
kabur,-1.5
kabut,-0.5
kacau,-3.0
kafe,0.5
kafir,-1.0
kain,-0.5
kaku,-1.0
kakus,-1.0
kalajengking,-0.5
kalimat,-0.5
kamar bayi,0.5
kamar mayat,-1.0
kambing hitam,-0.5
kambuh,-0.5
kamus,0.5
kandas,-0.5
kanibal,-0.5
kanibalisme,-0.5
kanker,-0.5
kantor polisi,-0.5
kantuk,-0.5
kapitalis,0.5
karat,-1.0
kardiomiopati,-0.5
karier,0.5
karies,-0.5
karikatur,-0.5
karnivora,-0.5
karsinoma,-0.5
kartel,-0.5
kartu as,0.5
karunia,0.5
karut,-0.5
kasar,-2.5
kasih sayang,1.0
kasta,-0.5
kasus,-0.5
kata,0.5
kata lontaran,-0.5
kata pengantar singkat,0.5
kata-kata,-0.5
kata-kata kotor,-0.5
katarak,-0.5
kategoris,0.5
kateter,-0.5
kaum bangsawan,0.5
kawan,0.5
ke belakang,-1.0
ke luar,0.5
keadaan bangkrut,-0.5
keadaan buruk,-0.5
keadaan darurat,-0.5
keadaan mendung,-0.5
keadaan sulit,-0.5
keadilan,0.5
keagungan,1.0
keahlian,1.5
keajaiban,1.5
keakraban,0.5
keandalan,0.5
keanehan,0.0
keanggunan,0.5
keaslian,1.0
kebahagiaan,1.0
kebaikan,1.0
kebajikan,1.0
kebakaran,-0.5
kebakaran besar,-0.5
kebaktian,0.5
kebalikan,-0.5
kebanggaan,0.5
kebangkitan,0.5
kebangkrutan,-0.5
kebebasan,1.0
kebejatan,-0.5
kebenaran,1.0
kebencian,-3.5
keberangkatan,-0.5
keberanian,2.5
keberatan,-0.5
kebersihan,0.5
keberuntungan,0.5
kebesaran,0.5
kebetulan,-0.5
kebiadaban,-1.5
kebidanan,0.5
kebijaksanaan,2.0
kebinasaan,-0.5
kebingungan,-1.5
kebisingan,-0.5
kebocoran,-0.5
kebodohan,-2.0
kebohongan,-0.5
kebosanan,-1.0
kebrutalan,-0.5
kebulatan suara,0.5
kebun,0.5
kebuntuan,-0.5
keburu,-0.5
keburukan,-1.5
kebutaan,-0.5
kecabulan,-0.5
kecakapan,0.5
kecanduan,-0.5
kecantikan,0.5
kecapi,0.5
kecelakaan,-1.5
kecemasan,-1.0
kecemburuan,-0.5
kecenderungan,0.0
kecenderungan bunuh diri,-0.5
kecengengan,0.5
kecepatan,0.5
kecerahan,0.5
kecerobohan,-0.5
kecewa,-1.0
kecil,-0.5
kecokelatan,0.5
kecukupan,1.0
kecurigaan,-0.5
kecut,-0.5
kedalaman,0.5
kedaluwarsa,-0.5
kedatangan,0.5
kedekatan,0.5
kedermawanan,0.5
kedewasaan,0.5
kediktatoran,-0.5
kedinginan,-0.5
kedudukan,0.5
keenakan,0.5
keengganan,-1.0
kegagahan,0.5
kegagalan,-2.5
kegairahan,0.5
keganasan,-1.0
kegelapan,-1.0
kegelisahan,-0.5
kegemaran,1.0
kegembiraan,4.0
kegemparan,-0.5
kegemukan,-0.5
kegentingan,-0.5
kegigihan,1.0
kegilaan,-1.0
keguguran,-0.5
kegunaan,1.0
kehadiran,0.5
kehamilan,-0.5
kehancuran,-1.5
kehebohan,-0.5
keheningan,0.5
kehilangan,-3.5
kehormatan,1.0
keibuan,0.5
keilahian,0.5
keindahan,0.5
keinginan,0.0
kejahatan,-2.5
kejahatan besar,-0.5
kejam,-4.0
kejang,-0.5
kejanggalan,-0.5
kejatuhan,-0.5
kejelekan,-0.5
kejengkelan,-1.0
kejujuran,2.0
kejut,-0.5
kejutan,0.5
kekacauan,-3.0
kekaguman,0.5
kekakuan,-1.5
kekal,1.0
kekalahan,-0.5
kekanak-kanakan,-1.0
kekasaran,-1.0
kekasih,1.0
kekayaan,1.0
kekecewaan,-1.5
kekejaman,-1.0
kekejangan,-0.5
kekejian,-0.5
kekek,0.5
kekeliruan,-1.0
kekenyangan,-0.5
kekerasan,-1.5
kekeringan,-0.5
kekesalan,-0.5
kekhasan,-0.5
kekuasaan,1.0
kekuatan,0.5
kekuatiran,-0.5
kekudusan,0.5
kekurangan,-4.5
kekurangan perhatian,-0.5
kekusutan,0.5
kelahi,-0.5
kelahiran,0.5
kelainan bentuk,-0.5
kelakuan buruk,-0.5
kelalaian,-1.0
kelambanan,-0.5
kelambatan,-0.5
kelancaran,0.5
kelancaran berbicara,0.5
kelangkaan,-0.5
kelangsungan,0.5
kelaparan,-2.0
kelebihan,-0.5
kelebihan muatan,-0.5
keledai,-0.5
kelelahan,-2.0
kelemah-lembutan,0.5
kelemahan,-1.5
kelembutan,0.5
kelengkapan,0.5
kelesuan,-0.5
kelimpahan,0.0
kelincahan,0.5
kelip,0.5
keliru,-1.5
kelonggaran,0.5
keluar,-0.5
keluarga,0.5
keluhan,-1.0
kelulusan,0.5
kelumpuhan,-1.0
kemabukan,-0.5
kemahakuasaan,0.0
kemahiran,0.5
kemajuan,2.0
kemakmuran,1.0
kemalangan,-0.5
kemalasan,-0.5
kemampuan,1.0
kemandulan,-1.0
kemanjuran,0.5
kemanusiaan,1.0
kemarahan,-2.5
kemasyhuran,0.5
kematian,-2.0
kembar,0.5
kemegahan,0.0
kemenangan,2.5
kementerian,0.5
kemerdekaan,0.5
kemerosotan,-1.5
kemewahan,1.0
kemiskinan,-0.5
kemitraan,0.5
kemunafikan,-0.5
kemunduran,-1.0
kemurahan hati,0.5
kemurnian,0.5
kemustahilan,-0.5
ken,0.5
kenaikan,0.5
kenang-kenangan,1.0
kenari,0.5
kendala,-0.5
kendali,-0.5
kendur,-0.5
kenekatan,-1.0
kengerian,-1.0
kental,-0.5
kenyamanan,1.5
kepadatan,0.5
kepahitan,-0.5
kepahlawanan,0.5
kepala batu,-0.5
kepala pelayan,0.5
kepala suku,0.5
kepalsuan,-0.5
kepandaian,0.5
kepanikan,0.5
kepasifan,-0.5
kepastian,1.0
kepatuhan,0.5
kepekaan,0.5
kepemilikan,0.5
kepengecutan,-0.5
keperawanan,0.5
kepercayaan,1.0
kepercayaan diri,0.5
kepolosan,0.5
kepopuleran,0.5
kepuasan,0.5
kepulangan sakit,-0.5
kepura-puraan,-0.5
keputusasaan,-1.0
keputusasan,-0.5
keracunan,-1.0
keraguan,-1.0
kerakusan,-0.5
keramahan,1.0
kerang,-0.5
keras,-2.5
keras hati,-0.5
keras kepala,-1.0
kerasukan,-0.5
kerdil,-1.0
kerendahhatian,0.5
kerentanan,-0.5
kerenyam,0.5
keretakan,-0.5
keriangan,-0.5
keributan,-2.5
kerinduan,0.0
kering,-0.5
keriting,0.5
keriuhan,-0.5
keriuhan di pawai,0.5
kerja keras,-0.5
kerja sama,0.5
kerugian,-1.0
kerukunan,0.5
kerumitan,-0.5
kerusakan,-1.0
kerusuhan,-0.5
kesabaran,1.0
kesadaran,0.5
kesalahan,-3.5
kesalahpahaman,-0.5
kesalehan,0.5
kesan,0.5
kesatuan,0.5
kesederhanaan,0.5
kesediaan,0.5
kesedihan,-1.5
kesehatan,0.5
keseimbangan,1.0
kesejukan,0.5
keseleo,-0.5
kesempurnaan,0.5
kesenangan,-0.5
kesenangan karena menderita,-0.5
kesendirian,-0.5
kesengsaraan,-0.5
kesepian,-1.0
kesesuaian,1.5
kesetiaan,1.0
kesiapan,0.5
kesombongan,-2.0
kesopanan,3.0
kesucian,0.5
kesukaan,0.5
kesuksesan,0.5
kesulitan,-2.5
kesungguhan,0.5
kesuraman,-0.5
kesurupan,-0.5
kesyahidan,-0.5
ketaatan,0.5
ketabahan,0.5
ketahanan,0.5
ketajaman,1.0
ketakterbatasan,0.5
ketakutan,-1.0
ketamakan,-1.0
ketangkasan,1.0
ketegasan,0.5
keteguhan,0.5
ketekunan,0.5
ketenangan,2.0
ketepatan waktu,0.5
keteraturan,0.5
keterbacaan,0.5
keterbukaan,0.5
ketergantungan,-1.0
keterlaluan,-1.0
keterlambatan,-1.0
keterlibatan,0.0
keterusterangan,0.5
ketiadaan,-1.0
ketidakabsahan,-0.5
ketidakadilan,-1.0
ketidakamanan,-0.5
ketidakbahagiaan,-0.5
ketidakberdayaan,-0.5
ketidakberpihakan,0.5
ketidakcocokan,-0.5
ketidakcukupan,-0.5
ketidakdewasaan,-0.5
ketidakefisienan,-0.5
ketidakhadiran,-0.5
ketidakjelasan,-1.0
ketidakjujuran,-1.0
ketidakkonsistenan,-0.5
ketidaklengkapan,-0.5
ketidakmampuan,-2.0
ketidakmurnian,-0.5
ketidakpantasan,-0.5
ketidakpatuhan,-0.5
ketidakpedulian,-0.5
ketidakpercayaan,-1.5
ketidakpuasan,-1.0
ketidaksabaran,-0.5
ketidaksahan,-0.5
ketidaksamaan,-0.5
ketidaksempurnaan,-0.5
ketidaksenangan,-0.5
ketidaksetiaan,-0.5
ketidaksetujuan,-0.5
ketidakstabilan,-0.5
ketidakteraturan,-0.5
ketinggalan,-0.5
ketinggian,0.5
ketombe,-0.5
ketua,1.0
keturunan,0.5
keuangan,0.5
keunggulan,2.0
keuntungan,1.0
kewalahan,-0.5
kewaspadaan,1.0
keyakinan,0.5
kezaliman,-0.5
khawatir,-1.0
khayalan,-0.5
khloroform,-0.5
khotbah,0.5
kiamat,-0.5
kicauan,0.5
kidung,0.5
kilap,0.5
kilau,0.5
kina,0.5
kisah,0.5
kisi,-0.5
kista,-0.5
kita,-0.5
klasik,1.5
klerikal,0.5
klimaks,0.5
knalpot,-0.5
koalisi,0.5
kodok,-0.5
kognitif,0.5
koheren,0.5
koherensi,0.5
kokain,-0.5
kokoh,1.0
kolam,0.5
kolera,-0.5
kolonel,0.5
kolosal,0.5
kolusi,-0.5
koma,-0.5
komandan,0.5
komentator,0.5
komodor,0.5
kompak,0.5
kompatibel,0.5
kompeten,0.5
kompetensi,1.0
kompetisi,-0.5
kompleksitas,-0.5
komplikasi,-0.5
komplotan rahasia,-0.5
kompos,-0.5
komposer,0.5
komuni,0.5
komunikatif,0.5
komunisme,-0.5
kondusif,0.5
konflik,-0.5
kongregasi,0.5
konkordansi,0.5
konsekrasi,0.5
konselor,0.0
konsentris,0.5
konservasi,0.5
konsistensi,0.5
konsonan,0.5
konspirator,-0.5
konstan,0.5
konstitusional,0.5
kontak,0.5
kontaminasi,-0.5
kontemplasi,0.5
kontensius,-0.5
kontradiksi,-0.5
kontradiktif,-0.5
kontras,-0.5
kontroversi,-0.5
kontroversial,-0.5
kontur,0.5
konyol,-1.5
kooperatif,0.5
kopral,-0.5
korban,-1.0
koreksi,-0.5
korespondensi,0.5
koroner,-0.5
korosi,-0.5
korosif,-0.5
korup,-0.5
korupsi,-0.5
kosakata,0.5
kosmopolitan,0.5
kosong,-1.0
kotor,-2.0
kotoran,-4.0
kreatif,0.5
kredibel,0.5
kredibilitas,0.5
kredit,0.5
krim,0.5
kriminalitas,-0.5
krisis,-0.5
kristal,0.5
kritik,0.0
kronik,0.5
kronis,-0.5
ksatria,0.5
kualifikasi,0.5
kuat,2.5
kuburan,-1.0
kucing garong,-0.5
kuda jantan,0.5
kudis,-0.5
kue keju,-0.5
kue-kue,0.5
kuliner,0.5
kulit pohon,-0.5
kultus,-0.5
kunci,-0.5
kuning,-0.5
kunjungan,-0.5
kuno,-1.5
kurang ajar,-1.5
kurang bayar,-0.5
kurang bersemangat,-0.5
kurang informasi,-0.5
kurang lengkap,-0.5
kurang menarik,-0.5
kurang pengalaman,-0.5
kurang pengetahuan,-0.5
kurang sopan,-0.5
kurungan,-1.0
kurus,-0.5
kusta,-0.5
kusut,-1.0
kutil,-0.5
kutu,-2.0
kutu buku,0.5
kutuk,-0.5
kutukan,-1.0
labirin,-0.5
lagi,0.5
lagu,0.5
lagu Natal,0.5
lagu pendek,0.5
lahar,-0.5
laknat,-0.5
laksamana,0.5
lakukan,-0.5
lalai,-2.0
lalim,-0.5
lamban,-1.5
lambang,0.5
lampiran,0.5
lamunan,0.5
lamur,-0.5
lancang,-0.5
landak,-0.5
langit,0.5
langka,-0.5
langsing,0.5
langsung,0.0
lapar,-0.5
lapis,0.5
lapisan,0.5
larangan,-1.5
larutan,0.5
laser,0.5
laut,0.5
lawan,-0.5
layak,1.0
layang-layang,-0.5
layu,-0.5
lebih besar,0.5
lebih buruk,-0.5
lebih menyukai,0.5
lebih rendah,-1.5
lebih tua,0.5
lecet,-0.5
ledakan,-1.0
lega,0.5
legendaris,0.5
lelah,-2.0
lelaki yg tdk terpelajar,-0.5
lelucon,-1.0
lemah,-2.0
lemak,-0.5
lemas,-0.5
lembam,-0.5
lembek,-1.0
lembut,0.5
lemon,-0.5
lencana,0.5
lentur,0.5
lepuh,-0.5
lesu,-1.5
letal,-0.5
letih,-0.5
letusan,-0.5
leukemia,-0.5
lezat,3.0
liar,-2.0
liberal,0.0
liburan,0.5
licik,-1.0
licin,0.5
liga,0.5
lihai,0.5
limbah,-0.5
lincah,1.5
linglung,-0.5
lintah,-1.0
linu panggul,-0.5
lirik,-0.5
liris,0.5
listrik,1.0
logis,0.5
longgar,-0.5
loon,-0.5
lowongan,-0.5
loyal,0.5
loyalitas,0.5
luak,-0.5
luar biasa,3.0
luar negeri,-0.5
luas,1.5
lucu,-0.5
lucu sekali,0.5
luka,-1.0
lumayan,0.5
lumba-lumba,0.5
lumpuh,-0.5
lumpur,-1.5
lumpur salju,-0.5
lunak,0.5
lupa,-0.5
lusuh,-0.5
lynch,-0.5
maaf,0.5
maag,-1.0
mabuk,-1.0
mafia,-0.5
magnet,0.5
magnetit,0.5
mahakuasa,0.5
mahatahu,0.5
mahir,1.5
maju,1.0
makan,0.5
makan malam,0.5
makanan,1.5
makanan ternak,-0.5
makhluk,-0.5
makhluk hidup,-0.5
makmur,1.5
maksimum,0.5
malaikat,0.5
malang,-1.0
malapetaka,-1.5
malaria,-0.5
malas,-1.0
maling,-0.5
malpraktik,-0.5
malu,-1.5
mandamus,-0.5
mandat,0.5
mandi,0.5
mandor,0.5
manfaat,0.5
mangsa,-0.5
manipulasi,-0.5
manis,1.0
manisan,0.5
manna,0.5
mantap,0.5
manusia super,0.5
manusiawi,0.5
mapan,0.5
marah,-2.5
marquis,0.5
marsekal,0.5
martingale,-0.5
martir,-0.5
masa kanak-kanak,0.5
masa kejayaan,0.5
masa pensiun,0.0
masalah,-0.5
masam,-1.0
maskulin,0.5
massa,-0.5
masyarakat,0.5
mata duitan,-0.5
matahari,0.5
matahari terbenam,0.5
matang,0.5
materialis,-0.5
materialisme,-0.5
mati,-1.0
mati lemas,-0.5
mati rasa,-1.0
mayat,-1.0
mayoritas,0.5
mazmur,0.5
medali,0.5
medan perang,-0.5
mediasi,0.5
medis,0.5
mediterania,0.5
megah,2.5
mekar,0.5
melahap,-0.5
melaksanakan,0.0
melampiaskan,-0.5
melanggar,-1.0
melanggar hukum,-0.5
melanjutkan,0.5
melankolik,-0.5
melankolis,-0.5
melarang,-1.0
melarikan diri,-0.5
melawan,-1.0
melayani,0.0
melayu,-0.5
melebih-lebihkan,-0.5
melebihi,1.0
melecehkan,-0.5
meledak,-1.0
meledakkan,-0.5
melelahkan,-1.0
melemah,-0.5
melengkapi,0.5
melengking,-0.5
melengkung,-1.5
melenyapkan,-0.5
melepaskan,-0.5
meleset,-0.5
melestarikan,1.0
meletus,-0.5
melewati,-0.5
melibatkan,-0.5
melihat,0.5
melimpah,0.5
melimpahi,-0.5
melimpahkan,0.5
melindungi,1.0
meliur,-0.5
melolong,-0.5
melompat,0.0
meluap,-0.5
melukai,-0.5
melumpuhkan,-1.0
meluncur,0.5
meluncurkan,0.5
melupakan,-0.5
memaafkan,1.5
memadamkan,-1.0
memahami,1.0
memakai,-0.5
memaksa,-1.5
memalsukan,-0.5
memalukan,-3.0
memamerkan,-0.5
memancarkan,0.5
memancing,-1.0
memandu,0.5
memanen,0.5
memanggang,-0.5
memanipulasi,-0.5
memanjakan,-0.5
memar,-0.5
memarahi,-0.5
memarut,-0.5
memastikan,0.5
mematangkan,0.5
mematikan,-0.5
mematuk,0.5
membabi buta,-0.5
membaca,0.5
membagikan,-0.5
membahayakan,-1.0
membalas,0.0
membalikkan,-0.5
membanggakan,0.0
membangkitkan,0.5
membangun,1.0
membanjiri,-1.0
membantah,-1.5
membanting,-0.5
membantu,1.0
membarui lagi,0.5
membasmi,-0.5
membatalkan,-4.0
membatasi,-1.0
membayar,0.5
membayar kembali,1.0
membebani,-0.5
membebaskan,0.5
membedakan,-0.5
membela,1.5
membelah,-1.0
membelai,0.0
membenamkan,0.5
membenci,-2.0
membentengi,0.5
membentuk,0.5
memberatkan,-0.5
memberdayakan,0.5
memberi,1.5
memberikan,0.5
memberkati,1.0
memberontak,-0.5
membersihkan,0.5
membesut,-0.5
membina,0.5
membinasakan,-0.5
memboikot,-0.5
membombardir,-0.5
membongkar,-0.5
membosankan,-2.5
membual,-1.0
membuang,-1.0
membuat,0.0
membuat bingung,-0.5
membuat terkesan,0.5
membuat ulang,0.5
membuka,0.0
membuktikan,1.0
membumbui,0.5
membungkuk,-0.5
membunuh,-1.5
memburu,-0.5
memburuk,-1.5
membusuk,-1.5
memekik,-0.5
memeluk,0.5
memenjarakan,-0.5
memenuhi,0.5
memenuhi syarat,1.0
memerah,-0.5
memeriahkan,0.5
memerintah,0.5
memfitnah,-1.0
memikat hati,0.5
memilih,1.0
memiliki,0.5
memimpin,0.5
meminta maaf,0.5
memisahkan,-0.5
memohon,-0.5
memotong,-1.0
mempekerjakan,0.5
mempelai,0.5
mempelajari,0.5
memperbaiki,3.0
memperbudak,-0.5
mempercantik,0.5
memperdaya,-0.5
memperingati,0.5
memperingatkan,-0.5
memperkaya,0.5
memperkecil,-0.5
memperkosa,-0.5
memperkuat,1.5
memperlambat,-0.5
memperoleh,1.0
memperpanjang,0.0
mempersiapkan,0.5
mempertaruhkan,-0.5
mempertinggi,-0.5
mempesona,1.0
memproduksi,0.5
memprovokasi,-0.5
memuakkan,-0.5
memuaskan,1.0
memudahkan,0.5
memudar,-0.5
memuja,1.0
memuji,1.0
memukau,0.5
memukul,-2.5
memukul mundur,-0.5
memulangkan,-0.5
memuliakan,0.5
memulihkan,0.5
memungkinkan,0.5
memurnikan,0.5
memusnahkan,-0.5
memutuskan,-1.0
memveto,-0.5
memvonis,-0.5
menabrak,-0.5
menahan,-1.0
menakjubkan,1.0
menakuti,-1.0
menambah,0.5
menambatkan,-0.5
menanduk,-0.5
menanggung,0.5
menangis,-2.0
menangkap,-2.0
menanjak,0.0
menara,0.5
menari,0.5
menarik,2.5
menarik kembali,-0.5
menasihati,1.0
menatap,-0.5
menawan,1.0
menawarkan,0.5
mencairkan,-0.5
mencambuk,-0.5
mencampuradukkan,-0.5
mencampuri,-0.5
mencekik,-1.5
mencela,-1.0
mencemari,-0.5
mencemoohkan,-0.5
mencerahkan,0.5
mencetak kembali,-0.5
mencoba-coba,-0.5
mencolek,-0.5
mencolok,0.5
mencongkel,-0.5
menculik,-0.5
mencurangi,-0.5
mencuri,-0.5
mencurigakan,-0.5
mendahului,0.5
mendakwa,-1.0
mendambakan,-0.5
mendapatkan,1.5
mendarat,0.5
mendasar,0.5
mendatangkan,-0.5
mendayung,0.5
mendebarkan,0.5
mendekam,-0.5
mendera,-0.5
menderita,-1.5
mendesak,-0.5
mendesis,-0.5
mendeteksi,0.5
mendidihkan,-0.5
mendidik,0.5
mendiskreditkan,-0.5
mendominasi,0.0
mendorong,0.0
menduga,0.5
mendukung,0.5
mendung,-1.0
menebus,0.5
menegaskan,1.0
menegaskan kembali,0.5
meneguk,-0.5
menegur,-0.5
menekan,-1.5
menekankan,-0.5
menelantarkan,-0.5
meneliti,-0.5
menembak,-0.5
menempa,0.5
menempati,0.5
menenangkan,1.5
menengahi,0.5
menenggak,-0.5
menenggelamkan,-0.5
menentang,-1.5
menerangi,1.0
menerima,1.0
meneror,-0.5
mengabaikan,-1.5
mengaburkan,-0.5
mengadili,-0.5
mengagumi,0.5
mengagungkan,0.5
mengajar,0.5
mengajukan perkara,-0.5
mengakui,0.0
mengalah,-0.5
mengalahkan,-1.0
mengalir,0.5
mengambil bagian,0.5
mengamuk,-1.0
mengancam,-2.0
mengangkat,0.5
menganiaya,-0.5
mengantar,0.5
menganugerahkan,0.5
mengasingkan,-0.5
mengatakan,-0.5
mengatur,1.5
mengecam,-0.5
mengecewakan,-2.0
mengecilkan hati,-0.5
mengejar,-0.5
mengejek,-1.5
mengejuntukan,-0.5
mengejutkan,-0.5
mengelilingi,0.0
mengelola,0.5
mengeluarkan,-1.0
mengeluh,-0.5
mengelupas,-0.5
mengembalikan ke penjara,-0.5
mengembalikan lagi,0.5
mengembangkan,0.5
mengemis,-0.5
mengenakan,0.5
mengepung,0.5
mengerang,-0.5
mengeras,-0.5
mengerikan,-11.0
mengernyit,-0.5
mengerti,0.5
mengerutkan kening,-0.5
mengesalkan,-0.5
menggabungkan,0.5
menggagalkan,-1.5
mengganggu,-4.5
mengganti rugi,-0.5
menggantikan,-0.5
menggarisbawahi,0.5
menggasak,-0.5
menggelapkan,-0.5
menggelegar,-0.5
menggelepar,-0.5
menggeliat,-0.5
menggelikan,-0.5
menggelisahkan,-0.5
menggelitik,0.5
menggemaskan,0.5
menggeram,-1.5
menggerenyet,-0.5
menggertak,-1.0
menggertakkan,0.5
menggigil,-0.5
menggigit,-0.5
menggiling,0.0
menggoda,-1.5
menggolongkan,0.5
menggosok,-0.5
menggugurkan,-0.5
menggulingkan,-1.0
menghadiahkan,0.5
menghalangi,-2.0
menghambat,-0.5
menghancurkan,-2.0
menghanguskan,-0.5
menghantui,-0.5
menghapus,-1.0
menghapuskan,-0.5
mengharapkan,0.5
menghargai,1.0
menghasilkan,0.5
menghasut,-1.0
menghentikan,-0.5
menghibur,2.0
menghidupkan,0.5
menghilang,-0.5
menghilangkan,-0.5
menghina,-2.0
menghindari,-1.5
menghitung,0.5
menghormati,1.5
menghujat,-0.5
menghukum,-1.5
mengigau,-0.5
mengilhami,0.5
mengimbangi,1.0
menginginkan,0.5
menginstruksikan,0.5
mengintai,-1.0
mengira,-0.5
mengirik,-0.5
mengisap,-0.5
mengisi kembali,0.5
mengizinkan,-0.5
mengkhawatirkan,-0.5
mengkhianati,-0.5
mengkritik,-0.5
mengoceh,-1.5
mengolah,0.5
mengomel,-0.5
mengotori,-0.5
mengoyakkan,-0.5
menguap,-1.0
menguasai,0.5
menguatkan,0.5
mengubah,1.5
mengudara,-0.5
menguduskan,0.5
mengundang,1.0
mengundurkan diri,-0.5
mengunjungi,0.5
menguntungkan,1.0
mengupas,-0.5
menguping,-0.5
mengurangi,-3.5
mengurung,-0.5
mengusap,-0.5
mengusir,-2.0
mengutil,-0.5
mengutip,0.0
mengutuk,-0.5
menikmati,1.0
menimbulkan,-0.5
menimpa,-1.0
menindas,-1.0
meninggalkan,-2.0
meningkat,0.0
meningkatkan,0.5
menipu,-3.5
meniru,0.5
menirukan,-0.5
menjadi korban,-0.5
menjaga,0.5
menjamin,1.0
menjanjikan,0.5
menjarah,-1.5
menjatuhkan,-0.5
menjauhkan,-0.5
menjauhkan diri,-0.5
menjelaskan,2.0
menjemukan,-0.5
menjengkelkan,-1.5
menjerit,-0.5
menjijikan,-0.5
menjijikkan,-2.5
menjilat,-0.5
menodai,-0.5
menolak,-4.0
menonaktifkan,-0.5
menonjol,1.0
menopang,0.5
mentah,-0.5
mentolerir,-0.5
menuduh,-0.5
menukarkan,0.5
menular,-1.0
menulari,-0.5
menumbangkan,-0.5
menumpas,-0.5
menunda,-1.0
menundukkan,0.0
menuntut,-1.5
menurunkan,-1.0
menusuk,-0.5
menutup perkara,-0.5
menutupi,0.0
menyakiti,-1.0
menyakitkan,-1.5
menyalahkan,-0.5
menyalak,-0.5
menyalibkan,-0.5
menyambut,0.5
menyampaikan,0.5
menyangkal,-0.5
menyanjung,0.5
menyanyi,0.5
menyarankan,0.5
menyaring,0.5
menyayangkan,-0.5
menyebarkan,0.5
menyeberang,-0.5
menyederhanakan,0.5
menyediakan,1.0
menyedihkan,-1.5
menyegarkan,0.5
menyelamatkan,0.5
menyelesaikan,1.0
menyelidiki,0.5
menyelinap,-1.0
menyelundupkan,-0.5
menyembelih,-0.5
menyenangkan,3.0
menyengat,-0.5
menyerah,-1.0
menyerahkan,-0.5
menyerang,-1.5
menyerbu,-0.5
menyeringai,0.5
menyesal,-1.0
menyesali,-0.5
menyesatkan,-1.0
menyesuaikan,0.5
menyetujui,1.0
menyia nyiakan,-0.5
menyiksa,-2.0
menyimpan,0.5
menyimpang,-0.5
menyimpulkan,0.5
menyinggung,-1.5
menyinkronkan,0.5
menyiram,0.5
menyisihkan,-0.5
menyita,-1.5
menyolok,-2.0
menyuap,-0.5
menyukai,1.0
menyulitkan,-0.5
menyumbang,0.5
menyumpahi,-0.5
menyusut,-1.5
meragukan,-1.5
merah tua,-0.5
meraih,0.5
merak,0.5
meramalkan,0.5
merana,-0.5
merangkak,-0.5
merangkul,0.5
merangsang,0.5
merapikan,0.5
merasa,0.0
merasa ngeri,-0.5
merasa tidak aman,-0.5
meratap,-0.5
meratapi,-1.0
merawat,0.0
merayakan,0.5
mercu suar,0.5
merebut,-1.5
meredakan,1.0
merekonstruksi,0.5
meremajakan,0.5
merembes,0.5
meremehkan,-1.5
merendahkan,-1.5
merengek,-0.5
merenovasi,0.5
merenungkan,0.5
merevisi,0.5
meriah,0.5
meriam,-0.5
meringankan,0.5
merobek,-0.5
merogoh,-0.5
merombak,0.5
merosot,-0.5
merpati,0.0
merugikan,-1.5
merusak,-3.0
merusak bentuk,-0.5
mesin tenun,-0.5
meskipun,-0.5
mesum,-1.0
metanol,-0.5
metastase,-0.5
metropolitan,0.5
mewah,1.5
mewajibkan,0.0
meyakinkan,1.0
mikroskopi,0.5
milik,-0.5
milisi,-0.5
mimbar,0.5
mimpi buruk,-0.5
minat,0.5
minimum,-0.5
minoritas,-0.5
minta maaf,0.5
minum,0.0
minuman,0.5
minuman keras,-1.0
minyak bumi,0.0
miring,-0.5
misionaris,0.5
miskin,-1.5
mitra,0.5
mobil jenazah,-0.5
model,0.5
moderator,0.5
modis,0.5
momentum,0.5
momok,-1.5
moncong,-0.5
montok,0.5
moral,1.0
moralitas,0.5
morbiditas,-0.5
mortir,0.5
motif,0.5
mual,-1.0
muda,0.5
mudah,0.5
mudah beradaptasi,0.5
mudah dibodohi,-0.5
mudah diingat,0.5
mudah marah,-1.0
mudah tersinggung,-1.0
mulia,0.0
munafik,-0.5
mundur,-0.5
muntah,-1.0
murah,0.0
muram,-1.5
murni,1.5
murung,-1.0
musik,0.5
musikal,0.5
musim,-0.5
musnah,-0.5
mustahil,-0.5
musuh,-1.5
mutan,-0.5
mutilasi,-0.5
mutlak,0.5
nabi,0.5
nadir,-0.5
nafsu,-0.5
naif,-0.5
najis,-1.0
nakal,-1.5
nalar,0.5
naluriah,0.5
nama yg salah,-0.5
nanah,-0.5
nasihat,1.0
naskah,0.5
naturalis,0.5
negatif,-0.5
negosiasi,0.5
nektar,0.5
nenek,0.5
nenek moyang,0.5
nepotisme,-0.5
neraka,-1.5
neurotik,-0.5
ngawur,-0.5
ngelantur,-0.5
ngeri,-0.5
ngobrol,-0.5
ngomel,-0.5
niat baik,0.5
nihilisme,-0.5
nikah,0.5
nikotin,-0.5
nirkabel,0.5
noda,-1.5
normalitas,0.5
nul,-0.5
nyali,0.5
nyaman,1.0
nyamuk,-0.5
nyanyian,0.5
nyanyian pujian,0.5
nyaring,0.5
nyata,0.5
nyonya,-0.5
oasis,0.5
obat bius,-0.5
obat mujarab,0.5
obat pencahar,0.5
obi,-0.5
objektif,0.5
obligasi,-0.5
obstruktif,-0.5
ocehan,-0.5
oksidasi,-0.5
oligarki,-0.5
omelan,-1.0
omong kosong,-2.0
omongan,-0.5
opera,0.0
opsional,0.5
optimis,1.0
optimisme,0.5
orang aneh,-1.0
orang asing,-1.5
orang bodoh,-0.5
orang buangan,-0.5
orang cabul,-0.5
orang celaka,-0.5
orang desa,0.5
orang gila,-0.5
orang miskin,-0.5
orang munafik,-0.5
orang-orang terkenal,0.5
orang-orangan sawah,0.0
orc,-0.5
organik,0.5
organisasi,0.5
orgasme,0.5
orkestra,0.5
otak,1.0
otokratis,-0.5
otorisasi,0.5
otoritas,0.5
overdosis,-0.5
pabrikan,0.5
pacaran,0.5
padang rumput,1.0
padat,0.5
paduan suara,1.5
pahat,0.5
pahlawan,0.5
pahlawan wanita,0.5
pajak,-0.5
pak,0.5
paksaan,-1.5
paliatif,0.5
paling tinggi,0.0
palsu,-2.5
panas,-0.5
pandai berbicara,0.5
pandemi,-0.5
panduan,0.5
pangeran,1.0
panggilan,-1.5
panik,-1.0
pantas,0.5
pantat,-1.0
pantomim,0.5
paprika,0.5
parafrase,0.0
paranoid,-0.5
parasit,-0.5
parau,-0.5
parietal,0.5
parodi,-0.5
partisan,-0.5
partisipasi,0.5
parut,-0.5
pasangan,1.0
pasien,0.5
pasif,-0.5
pasti,0.5
patah,-0.5
paten,0.5
patriarkhal,0.5
patuh,0.5
patung,1.0
paus,0.5
payudara besar,-0.5
pecah,-1.0
pedalaman,0.5
pedang,-0.5
pedas,-0.5
pejalan kaki,-0.5
pejantan,0.5
pejuang,0.0
pekerjaan,1.0
pekerjaan rumah,-0.5
pekerjaan yg membosankan,-0.5
pelabuhan,0.5
pelacur,-2.0
pelacuran,-0.5
pelajaran,0.5
pelaksanaan,-0.5
pelaku,-0.5
pelampung,0.5
pelanggan,0.5
pelanggar,-0.5
pelanggaran,-4.0
pelanggaran hukum,-0.5
pelapor,-0.5
pelat ketel,-0.5
pelawak,0.5
pelayan,0.0
pelega,0.5
pelengseran,-0.5
pelepasan,-0.5
pelindung,1.5
pelit,-1.0
pelobi,-0.5
pelopor,1.5
peluang,0.5
pelupaan,-0.5
pemahkotaan,0.5
pemain,-0.5
pemakaman,-1.0
pemalas,-0.5
pemalsuan,-1.0
pemalu,-0.5
pemarah,-1.0
pembaca,0.5
pembajakan,-0.5
pembakar,-0.5
pembakaran,-1.0
pembalas,-0.5
pembalasan,-1.5
pembalasan dendam,-1.0
pembangkang,-0.5
pembangkangan,-0.5
pembantaian,-1.5
pembantu,1.0
pembaptisan,0.5
pembaru,0.5
pembaruan,1.0
pembatalan,-1.0
pembawa,-0.5
pembayaran,-0.5
pembebasan,1.5
pembekuan,-0.5
pembela,0.5
pembelaan,0.5
pembenaran,0.5
pembengkakan,-0.5
pemberani,0.5
pemberantasan,-0.5
pemberdayaan,0.5
pemberian,-0.5
pemberontak,-1.0
pemberontakan,-1.5
pembersihan,1.0
pembicara utama,0.5
pembimbing,0.5
pembohong,-0.5
pembongkaran,-0.5
pembuangan,-1.0
pembuatan,-0.5
pembubaran,-0.5
pembunuh,-1.5
pembunuhan,-3.0
pembunuhan anak,-0.5
pemburu,-0.5
pemburuan kelinci,-0.5
pemecatan,-0.5
pemegatan,-0.5
pemenang,1.0
pemenang hadiah,0.5
pemenuhan,0.5
pemerasan,-0.5
pemerintah,-0.5
pemikir,0.5
pemimpin,0.5
pemindahan,-0.5
peminjam,-0.5
pemisahan,-1.0
pemisahan diri,-0.5
pemotong,0.0
pemotongan,-1.0
pemujaan,1.5
pemujaan berhala,-0.5
pemukim,0.5
pemulihan,0.5
pemulihan nama baik,0.5
pemulung,-0.5
pemurnian,0.5
pemusnahan,-0.5
pemutarbalikan,-0.5
penahan,-0.5
penahanan,-1.0
penaklukan,-1.5
penalti,-0.5
penambah,-0.5
penampil,0.5
penanaman,0.5
penangguhan,-1.0
penangkal,1.0
penangkapan,-0.5
penanya,0.5
penasihat,0.5
pencabutan,-1.0
pencahar,-0.5
pencalonan,0.5
pencapaian,1.0
pencarian,0.5
pencegahan,0.5
pencerahan,0.5
penceramah,0.5
pencium,-0.5
penculikan,-0.5
pencuri,-0.5
pencurian,-1.5
pendakian,0.5
pendamping,0.5
pendampingan,0.5
pendarahan,-0.5
pendendam,-1.5
pendengaran,-0.5
penderita,-0.5
penderitaan,-2.0
pendeta,2.0
pendidikan,1.0
pendosa,-0.5
penduduk,0.5
pendukung,1.0
penebusan,0.5
penebusan dosa,0.5
penekanan,-0.5
penembakan,-0.5
penemu,0.5
penemuan,0.5
penengah,0.5
penentuan,0.5
penerangan,0.5
penerbangan,0.5
penerimaan,0.5
penetrasi,-0.5
pengabadian,-0.5
pengabaian,-1.0
pengacara,0.0
pengacau,-0.5
pengadilan,-0.5
pengaduan,-0.5
pengagum,0.5
pengajar,0.5
pengakuan,-0.5
pengalihan,0.5
pengampunan,0.5
penganggur,-0.5
penganiayaan,-1.0
pengantin,0.5
pengantin perempuan,0.5
pengap,-0.5
pengarang,0.5
pengaruh,0.0
pengasingan,-0.5
pengawal,0.5
pengawas,0.5
pengawasan,0.0
pengawet,0.5
pengeboman,-0.5
pengecualian,-1.0
pengecut,-2.5
pengekangan,0.5
pengelolaan,0.5
pengeluaran,-1.0
pengembalian,0.0
pengemis,-0.5
pengenaan,-0.5
pengendara,0.5
pengetahuan,0.5
penggalian,-0.5
penggantian,0.5
penggelapan,-0.5
penggemar,0.5
penggerak,0.5
penggoda,0.0
penggugat,-1.0
penghalang,-0.5
penghambatan,-0.5
penghancuran,-1.5
penghapusan,-2.0
penghargaan,0.5
penghasilan,0.0
penghematan,-0.5
penghentian,-1.5
penghiburan,0.5
penghinaan,-2.5
penghindaran,-1.0
penghormatan,0.5
penghukuman,-0.5
penghuni,0.5
penghuni liar,-0.5
pengiriman,0.5
pengiring pengantin perempuan,0.5
pengisi daya,0.5
pengkhianat,-1.0
pengkhianatan,-1.5
pengkritik,-0.5
penglihatan,0.5
pengorbanan,-0.5
penguasaan,0.5
penguatan,0.5
pengudusan,0.5
pengunduran diri,-0.5
pengungsian,-0.5
pengunjung,0.5
penguraian,-0.5
pengurangan,0.0
pengusiran,-1.0
pengusiran setan,-0.5
pengutang,-0.5
penikmat,0.5
penindas,-0.5
penindasan,-0.5
peninggian,0.5
peningkatan,0.5
penipu,-1.0
penipuan,-1.0
peniru,-0.5
peniruan,-1.0
penistaan,-0.5
peniup,-0.5
penjaga,2.5
penjahat,-2.0
penjara,-2.0
penjara bawah tanah,-0.5
penjudi,-0.5
penodaan,-0.5
penolak,-1.0
penolakan,-2.5
pentahbisan,0.5
penting,2.0
pentingnya,0.5
penuduh,-0.5
penuh,1.0
penuh arti,0.5
penuh bintang,0.5
penuh dosa,-0.5
penuh gairah,-0.5
penuh harapan,0.5
penuh kasih,1.0
penuh kebencian,-0.5
penuh perhatian,1.0
penuh pertimbangan,0.5
penuh semangat,0.5
penuh teka-teki,-1.0
penularan,-0.5
penulis,1.0
penumpasan,-0.5
penundaan,-1.0
penuntutan,-0.5
penurunan,-1.0
penutupan,0.5
penyair,0.5
penyajian,0.0
penyakit,-2.0
penyakit gondok,-0.5
penyakit jiwa,-0.5
penyakit kuning,-0.5
penyalahgunaan,-0.5
penyaliban,-0.5
penyaluran pecomberan,-0.5
penyangkalan,-1.0
penyataan,0.5
penyatuan,0.5
penyayang,0.5
penyebaran,-0.5
penyeberangan,-0.5
penyelamatan,0.5
penyelesaian,0.5
penyelewengan,-0.5
penyelidikan,-0.5
penyelundup,-0.5
penyelundupan,-0.5
penyembunyian,-0.5
penyemburan,-0.5
penyerang,-0.5
penyerbu,-0.5
penyergapan,-0.5
penyesalan,-0.5
penyewa,0.5
penyewaan,0.5
penyiasat,0.5
penyihir,-0.5
penyimpanan,0.5
penyimpangan,-1.0
penyitaan,-0.5
penyok,-0.5
penyuapan,-0.5
penyumbang,0.5
penyumbatan,-0.5
penyunatan,0.5
peracunan,-0.5
perada,0.5
peradaban,0.5
peradangan,-0.5
peradilan,0.5
perakitan,0.5
peramal,1.0
perampasan,-1.0
perampok,-0.5
perampokan,-1.5
perancah,-0.5
perancang,0.5
perang,-1.0
perang salib,-0.5
perangkap,-0.5
perangsangan,0.5
perapian,0.5
peraturan,-0.5
perawakan,0.5
perawan,0.5
perawan tua,-0.5
perawat,0.5
perayaan,0.5
perbaikan,1.5
perbedaan,0.0
perbedaan pendapat,-0.5
perbuatan zina,-0.5
perbudakan,-2.0
perburuan,-0.5
percakapan,0.5
percaya,0.5
percaya diri,1.0
perceraian,-0.5
percintaan,0.5
perdamaian,1.0
perdebatan,0.5
peredam,-0.5
perekam,0.5
perempuan,-0.5
perencanaan,0.5
pergolakan,-1.0
pergumulan,-0.5
perhatian,1.5
perhiasan,0.5
periang,0.5
peringatan,0.0
peringkat,-0.5
perintah,-0.5
perjalanan,1.0
perjamuan,0.5
perjanjian,0.0
perkawinan,0.5
perkelahian,-0.5
perlawanan,-0.5
perlindungan,0.5
permata,0.5
permen,0.5
permintaan maaf,0.5
permohonan,0.0
permusuhan,-1.0
pernikahan,0.5
perokok,-0.5
perombakan,0.5
perpecahan,-0.5
persahabatan,1.0
persaingan,-0.5
persamaan,0.5
persatuan,0.5
persaudaraan,1.0
persaudaraan wanita,0.5
persediaan,0.5
perselisihan,-1.5
persemakmuran,0.5
persenjataan,-0.5
persetujuan,2.0
pertahanan,0.5
pertanda,-1.0
pertandingan,-0.5
pertanggungjawaban,0.5
pertanian,0.5
pertanyaan,1.0
pertarungan,-0.5
pertempuran,-0.5
pertempuran kecil,-0.5
pertengkaran,-2.5
pertentangan,-0.5
pertikaian,-0.5
pertimbangan kembali,0.5
pertumbuhan,0.5
pertumpahan darah,-0.5
pertusis,-0.5
perubahan,-0.5
perubahan warna,-0.5
perunding,0.5
perusahaan,0.5
perusahaan monopoli,-0.5
perusak,-0.5
perut kembung,-0.5
perwalian,0.5
perwira,0.5
pesenam,0.5
pesimis,-0.5
pesimisme,-0.5
pesisir,0.5
pesolek,-0.5
pesona,1.0
pesta,1.0
peternakan,0.5
peti mati,-1.0
petualang,0.5
petualangan,0.5
petugas,0.5
petunjuk,0.5
phoenix,0.5
piala,0.5
pidana,-0.5
pidato,1.0
pijat,0.5
piket,-1.0
piknik,0.5
pikun,-0.5
pil,0.5
pilih kasih,0.5
pilihan,1.0
pilot,0.5
pingsan,-1.5
pinus,-0.5
pisau bedah,-0.5
pistol,-1.0
pita,0.5
plagiat,-0.5
pleno,0.5
pohon,0.5
pohon salam,0.5
polemik,-0.5
poligami,-0.5
polio,-0.5
polisi,0.5
politik,0.5
polos,1.0
polusi,-0.5
pondok,0.5
pop,-0.5
popok,-0.5
popularitas,0.5
populasi,0.5
porno,-1.5
pornografi,-0.5
poros,0.5
portabel,0.5
pose,-0.5
potensi,0.5
potongan harga,0.5
pound,-0.5
praktek,0.5
prasangka,-0.5
prasmanan,-0.5
prem,0.5
presisi,0.5
prestasi,1.0
prestise,0.5
pria,0.0
primer,0.5
produksi,0.5
produktif,1.0
produktifitas,0.5
produsen,0.5
profesi,0.5
profesional,0.5
profesor,0.5
progresif,0.5
promosi,0.5
promosi sensasional,-0.5
propaganda,-0.5
prosedur,0.5
proses pengadilan,-0.5
prosesi,0.5
prospek,0.5
provokasi,-0.5
psikosis,-0.5
pualam,0.5
puas,0.5
puasa,-0.5
publik,0.5
puing,-0.5
pujian,1.0
pukulan,-0.5
punah,-0.5
puncak,1.0
pupuk,-0.5
pusing,-1.0
putihnya,0.5
putri,0.5
putus,-0.5
putus asa,-2.0
rabies,-0.5
racun,-0.5
radang dingin,-0.5
radang paru-paru,-0.5
radang usus buntu,-0.5
radiasi,-0.5
radio,0.5
radioaktif,-0.5
radon,-0.5
ragu,-1.0
rahasia,-1.0
rahim,0.5
rahmat,0.5
raja,0.5
rak,-0.5
raket,-0.5
raksasa,-0.5
raksasa binatang,-0.5
rakyat jelata,-0.5
ralat,-0.5
ram,-0.5
ramah,3.0
ramah tamah,0.5
ramping,0.5
rampok,-0.5
rapi,1.5
rasa gelisah,-0.5
rasa hormat,0.5
rasa ingin tahu,0.5
rasa malu,-0.5
rasa manis,0.5
rasa sakit,-1.5
rasa syukur,0.5
rasa takut,-0.5
rasa tidak enak,-0.5
rasional,0.5
rasul,0.5
rawa,-2.0
rayap,-0.5
reaksioner,-0.5
redaman,-0.5
reformasi,0.5
regresi,-1.0
regresif,0.0
rehabilitasi,0.5
rekan,0.5
reklamasi,0.5
rekonsiliasi,0.5
rekonstruksi,0.5
rekreasi,1.0
rel,-0.5
rela,0.5
relaksasi,0.5
relevan,0.5
remaja,-0.5
remang,-0.5
renda,0.0
rendah,-0.5
rendah budi,-0.5
rendah diri,-0.5
rendah hati,0.5
renovasi,0.5
rentan,-1.0
reporter,0.5
represi,-0.5
reproduksi,0.5
republik,-0.5
resah,-0.5
resesi,-0.5
resistif,0.5
resmi,0.5
responsif,0.5
restitusi,0.5
restoratif,0.5
retak,-1.0
retakan,-0.5
retribusi,-1.0
reumatik,-0.5
reuni,0.5
revolusi,0.0
revolusioner,0.5
rewel,-0.5
reyot,-0.5
riam,0.5
riang,1.5
riasan,-0.5
riba,-0.5
ribut,-0.5
rindu,-0.5
ringkas,0.5
rintangan,-0.5
rintik,-0.5
riuh,0.0
roadster,0.5
robek,-0.5
roh,0.5
rokok,-0.5
romantis,0.5
romantisme,0.5
rongseng,-0.5
roti,-0.5
roti panggang,0.5
royalti,0.5
ruam,-0.5
ruang bawah tanah,-0.5
ruang santai,-0.5
rubah betina,-0.5
rubrik,0.5
rumah bermain,0.5
rumah jagal,-0.5
rumah petak,-0.5
rumah tangga,0.5
rumit,-1.5
rumpun,-0.5
rumput liar,-0.5
rumus,0.5
runtuh,-0.5
rupawan,0.5
rusak,-1.0
rusuh,-0.5
ruth,0.5
rutin,0.5
sabotase,-0.5
sabuk,-0.5
sadar,0.5
sah,1.0
saham,-0.5
sakit,-4.5
sakit gigi,-0.5
sakit hati,-0.5
sakit kepala,-0.5
sakit perut,-0.5
sakit saraf,-1.0
sakitan,-0.5
salah,-3.5
salah menaruhkan,-0.5
salah mengartikan,-0.5
salah paham,-1.0
salah saji,-0.5
salah tafsir,-0.5
salah tempat,-0.5
salah urus,-0.5
salam,0.5
saleh,1.0
salinan,-0.5
saling,0.5
salju longsor,-0.5
saluran pembuangan,-0.5
salut,0.5
sama,0.5
sama sekali,0.5
samaran,-1.0
sambilan,-0.5
sambutan hangat,0.0
sampah,-3.0
sampai sekarang,-0.5
sampar,-0.5
samurai,0.5
sandera,-0.5
sandiwara,-0.5
sandiwara sensasi,-0.5
sangat,0.0
sangat berharga,0.5
sangat gembira,0.5
sangat indah,1.0
sangat kuat,-0.5
sangat lapar,-0.5
sangat luas,0.5
sangat marah,-0.5
sangat rapi,0.5
sanitasi,0.5
santai,0.5
santo,0.5
santun,0.5
saraf,0.5
sarang,-0.5
sarang lebah,-0.5
sarapan,0.5
sarat,-0.5
sarjana,0.5
sarjana muda,0.5
sarkasme,-0.5
sarkoma,-0.5
sarung tangan bulu,-0.5
satin,0.5
satu warna,-0.5
saudara,0.5
saudara laki-laki,0.5
sayang,1.5
sayap,-0.5
scrapie,-0.5
sebaiknya,0.5
sebelum waktunya,-0.5
sebelumnya,0.5
sebenarnya,0.5
sebentar lagi,-0.5
secara harmonis,0.5
secara kolektif,0.5
secara mencolok,0.5
secara mengejutkan,0.5
secara menyedihkan,-0.5
secara paksa,-0.5
secara pantas,0.5
sedang,0.5
sedang belajar,0.5
sederhana,0.5
sedih,-2.0
sedikit,0.5
segan,-1.0
segel,0.5
segelintir,-0.5
segera,0.5
sehat,1.5
seimbang,0.5
sekam,-0.5
sekarat,-0.5
sekering,0.5
sekresi,-0.5
sekretariat,0.5
seks,0.5
sektarian,-0.5
sekuestrasi,-0.5
sekutu,1.0
sela,0.5
selai,0.5
selalu,0.5
selang,-0.5
selat,-0.5
selebaran,-0.5
selebriti,0.0
selikuran,-0.5
selingan,0.5
selip,-0.5
semangat,3.5
sembelit,-0.5
sembrono,-0.5
sembuh,1.0
sembunyi,-0.5
sementara,-0.5
sempit,-0.5
sempurna,2.5
senang,1.5
senang sekali,0.5
senapan,-0.5
sendiri,0.5
sengit,-0.5
seni,0.5
senioritas,0.5
senjata,-0.5
senjata api,-0.5
sensasi,0.5
sensasional,0.5
sensor,-0.5
sensual,0.5
sensualitas,0.5
sentimentil,0.5
senyum,0.5
seolah-olah,-0.5
sepa,-0.5
sepak bola,0.5
sepakat,1.0
separatis,-0.5
sepatu kasual,-0.5
sepatutnya,0.5
sepenuh hati,0.5
sepenuhnya,0.5
seperti bangsawan,0.5
seperti beludru,0.5
seperti budak,-0.5
seperti malaikat,0.5
sepi,-0.5
sepintas lalu,-0.5
sepsis,-0.5
septik,-0.5
seragam,0.5
serak,-0.5
seram,-0.5
serangan,-1.5
serangan mendadak,-0.5
serangga,-0.5
serat,-0.5
serba salah,-0.5
serempak,0.5
serikat,0.5
seringai,-0.5
serpihan,-0.5
seru,1.0
serum,0.5
sesama,0.5
sesat,-2.5
sesepuh,0.5
sesuai,2.5
sesungguhnya,0.5
setan,-1.5
setengah jalan,-0.5
setia,1.0
setuju,1.5
shanghai,-0.5
sia-sia,-1.0
sial,-0.5
sianida,-0.5
siap,0.5
sifat lekas marah,-0.5
sifat takut-takut,-0.5
sihir,-1.0
siksaan,-0.5
silau,-0.5
silsilah,0.5
simbolis,0.5
simetri,0.5
simetris,0.5
simfoni,0.5
simpati,0.5
simpatik,0.5
sinergis,0.5
singa,0.5
sinis,-0.5
sinkop,-0.5
sinode,0.5
sinonim,0.0
sipil,0.5
sipir,-0.5
siput,-0.5
sirene,-0.5
sisa rasa,-0.5
sisa-sisa,-0.5
sitomegalovirus,-0.5
skandal,-0.5
skema,-0.5
skeptis,-0.5
skizofrenia,-0.5
skor,0.5
sobat,0.5
solvabilitas,0.5
somatik,-0.5
sombong,-2.5
sonar,0.5
sonata,0.5
sonet,0.5
sopan,1.5
sosial,0.5
sosialis,-0.5
spa,0.5
spaniel,0.5
spektral,-0.5
spekulasi,-0.5
spesial,0.5
spesies,0.5
spionase,-0.5
spons,-0.5
sponsor,0.5
sprite,-0.5
stabil,0.5
staccato,0.5
status,0.5
stereotip,-1.0
steril,-0.5
sterling,0.0
stigma,-0.5
strategis,0.5
struktur,0.5
suaka,0.0
suami yg istrinya tdk setia,-0.5
suara,0.5
subjek,-0.5
sublimasi,0.5
subsidi,-0.5
substantif,0.5
subur,0.5
subversi,-0.5
subversif,-0.5
suci,1.0
suka beperkara,-0.5
suka berteman,0.5
suka damai,0.5
sukacita,1.0
sukar dipahami,-0.5
sukarelawan,0.5
sulap,-0.5
sulit,-1.0
sulit dipercaya,-0.5
sulung,0.5
sumbang,-0.5
sumbangan,1.0
sumber daya,0.5
sumber hidup,0.5
sumber keuntungan,0.5
sumpah,1.5
sumpah palsu,-0.5
sumsum,0.5
sungguh,1.0
sungguh-sungguh,1.0
sup krim,0.5
superstar,0.5
supremasi,0.0
suram,-3.0
surat kabar,0.5
surga,1.0
surgawi,1.0
suri teladan,0.5
surutnya,-0.5
survei,0.5
sutra,0.5
syaitan,-0.5
taat,1.0
tabah,0.5
tabrakan,-0.5
tabu,-0.5
tabungan,0.5
tahan,0.0
tahan air,0.5
tahan api,0.5
tahan cuaca,0.5
tahan karat,0.5
tahan lama,0.5
tahan panas,-0.5
tahanan,-1.5
tajam,0.0
tak ada taranya,0.5
tak berarti,-1.0
tak berbalas,-0.5
tak bercacat,0.5
tak berdasar,-0.5
tak berdaya,-1.0
tak berguna,-0.5
tak berjiwa,-0.5
tak berkesudahan,0.0
tak bermutu,-0.5
tak bernyawa,-0.5
tak berperabot,-0.5
tak bertuhan,-0.5
tak berujung,0.0
tak henti-hentinya,-0.5
tak kenal ampun,-0.5
tak kenal takut,0.5
tak layak,-0.5
tak menentu,-0.5
tak sedap dipandang,-0.5
tak tahu malu,-0.5
tak tentu,-0.5
tak terbantahkan,0.5
tak terbatas,1.0
tak terbayangkan,0.0
tak terdengar,-0.5
tak terduga,-0.5
tak tergoyahkan,0.0
tak terhapuskan,0.5
tak terhindarkan,-0.5
tak terhitung,-1.0
tak terjangkau,-0.5
tak terkalahkan,0.0
tak terkatakan,-0.5
tak terkekang,0.0
tak terkendali,-0.5
tak terlatih,-0.5
tak terlindung,-0.5
tak terlukiskan,0.5
tak terpikirkan,-0.5
tak terpisahkan,0.5
tak terputus,0.5
tak tersembuhkan,-0.5
tak tertahankan,-1.0
tak tertandingi,0.5
takdir,-0.5
takhta,0.5
takhyul,0.0
taksi,0.5
takut,-2.5
tamak,-1.0
tambahan,1.0
tambalan,-0.5
tamparan,-1.0
tanah,0.0
tanah longsor,-0.5
tanda Nazi,-0.5
tanda buruk,-0.5
tandus,-0.5
tangan kedua,-0.5
tanggal kematian,-0.5
tangguh,0.5
tanggung jawab,-0.5
tangkai,-0.5
tanpa belas kasihan,-0.5
tanpa berpikir,-0.5
tanpa berwasiat,-0.5
tanpa cedera,0.5
tanpa dasar,-0.5
tanpa disadari,-0.5
tanpa harapan,-0.5
tanpa judul,-0.5
tanpa nama,-0.5
tanpa pertumpahan darah,0.5
tanpa tanda jasa,-0.5
tanpa tubuh,-0.5
tanpa tujuan,-0.5
tantangan,-1.0
tante,0.5
tarif,-0.5
tata krama,0.5
tawa,0.5
tawanan,-1.0
tawar-menawar,0.5
tdk puas,-0.5
tebusan,-0.5
teduh,-0.5
tegak lurus,0.5
tegang,-0.5
tegar,-0.5
teguh,0.5
teguran,-0.5
tekanan,-0.5
teknologi,0.5
tekun,0.5
teladan,0.5
telanjang,-0.5
teliti,0.5
teluk kecil,0.5
teman,0.5
tembakan,-0.5
tembakau,-0.5
tembel,-0.5
tempa,-0.5
tempat,0.5
tempat berlindung,0.5
tempat bermain,0.5
tempat lahir,-0.5
tempat tidur,0.5
tempur,-0.5
tenaga kerja,0.5
tenang,2.0
tendangan,-0.5
tengah,0.5
tenggelam,-0.5
tengik,-0.5
tentara,0.5
teokratis,-0.5
teoretis,0.5
tepat,2.5
tepat waktu,1.0
tepuk,0.5
tepuk tangan,0.0
terak,-0.5
terakreditasi,0.5
teramat,0.5
terampil,0.5
terancam bahaya,-0.5
terapeutik,0.5
terapi,0.5
terasing,-1.0
terbaca,0.5
terbatas,-1.0
terberat,-0.5
terbukti benar,0.5
tercela,-1.0
tercengang,-0.5
terdampar,-0.5
terdemoralisasi,-0.5
terdepresiasi,-0.5
terdistorsi,-0.5
terendah,-0.5
terengah-engah,-0.5
terganggu,-1.5
tergelincir,-0.5
tergenang,-0.5
terhenti,-0.5
terhibur,1.0
terhormat,1.5
teriakan,-1.0
terik,-1.0
terinspirasi,0.5
terjamin,0.5
terjerat,-0.5
terjun,-0.5
terkejut,-0.5
terkemuka,1.0
terkena,-0.5
terkenal,3.0
terkenal jahat,-0.5
terkilir,-0.5
terkontaminasi,-0.5
terkubur,-0.5
terkulai,-0.5
terkunci,-0.5
terkutuk,-2.0
terlalu mahal,-0.5
terlambat,-2.5
terlibat,-0.5
terluka,-1.0
terlupakan,-0.5
termasuk,1.5
termasuk keluarga sapi,-0.5
terminal,-0.5
ternoda,-0.5
terompet,-0.5
teror,-0.5
terorganisir,0.5
teroris,-0.5
terorisme,-0.5
terpaut,-0.5
terpecah,-0.5
terpelajar,0.5
terpencil,-1.5
terpendam,-0.5
terpenting,1.0
terperanjat,-0.5
terpercaya,0.5
terpesona,0.5
terpilih,0.5
terpuji,2.0
terputus,-0.5
tersakiti,-0.5
tersandung,-1.0
tersebar luas,0.5
tersedak,-0.5
tersembunyi,-1.5
tersendiri,-0.5
tersentuh,-0.5
tersenyum,0.5
terserap,0.5
tersinggung,-0.5
tersusun,0.5
tertahan,-0.5
tertarik,0.5
tertawa,1.0
tertawa kecil,0.5
tertekan,-0.5
tertib,0.5
tertinggal,-0.5
tertinggi,0.5
terus mata,0.5
tetangga,0.5
tetanus,-0.5
tetap,0.0
tewas,-0.5
theisme,-0.5
tiang gantungan,-0.5
tidak adil,-1.5
tidak aktif,-0.5
tidak akurat,-0.5
tidak aman,-0.5
tidak bahagia,-0.5
tidak benar,-0.5
tidak beralasan,-0.5
tidak berbahaya,0.5
tidak berbentuk,-0.5
tidak berbuah,-0.5
tidak berdaya,-0.5
tidak berguna,-1.0
tidak berkelanjutan,-0.5
tidak berkembang,-0.5
tidak berlisensi,-0.5
tidak berpendidikan,-0.5
tidak berpengalaman,-0.5
tidak berperasaan,-0.5
tidak bertanggung jawab,-1.0
tidak bias,0.5
tidak bijaksana,-0.5
tidak bisa diandalkan,-0.5
tidak bisa dihancurkan,0.5
tidak bisa dijelaskan,-0.5
tidak bisa dilewati,-0.5
tidak bisa dimaafkan,-0.5
tidak bisa dimengerti,-0.5
tidak bisa dipecahkan,0.5
tidak bisa dipertahankan,-0.5
tidak cocok,-0.5
tidak cukup,-0.5
tidak dapat,-0.5
tidak dapat diakses,-0.5
tidak dapat diatasi,-0.5
tidak dapat dibatalkan,-0.5
tidak dapat dibenarkan,-1.0
tidak dapat dicabut,0.5
tidak dapat didamaikan,-0.5
tidak dapat dijelaskan,-0.5
tidak dapat dimengerti,-0.5
tidak dapat diperbaiki,-0.5
tidak dapat dipercaya,-0.5
tidak dapat dipertahankan,-0.5
tidak dapat direduksi,0.5
tidak dapat diterapkan,-0.5
tidak dapat diterima,-1.0
tidak dapat diubah,-0.5
tidak dibatasi,0.5
tidak didukung,-0.5
tidak digunakan,-0.5
tidak diinginkan,-1.5
tidak diizinkan,-0.5
tidak dikenal,-0.5
tidak diragukan lagi,1.0
tidak disengaja,-0.5
tidak disetujui,-1.0
tidak disukai,-1.0
tidak diterbitkan,-0.5
tidak efektif,-1.0
tidak efisien,-0.5
tidak egois,0.5
tidak hormat,-0.5
tidak jelas,-0.5
tidak jujur,-1.0
tidak kompatibel,-0.5
tidak kompeten,-1.0
tidak logis,-0.5
tidak manusiawi,-0.5
tidak masuk akal,-0.5
tidak memadai,-1.0
tidak mematuhi,-0.5
tidak memihak,0.0
tidak memuaskan,-0.5
tidak menguntungkan,-1.0
tidak menyenangkan,-1.5
tidak merata,-0.5
tidak nyaman,-1.5
tidak pantas,-0.5
tidak pasti,-0.5
tidak patuh,-0.5
tidak peduli,-0.5
tidak pengertian,-0.5
tidak penting,-1.5
tidak percaya,-1.0
tidak perlu dipertanyakan lagi,0.5
tidak populer,-0.5
tidak praktis,-0.5
tidak produktif,-0.5
tidak puas,-0.5
tidak ramah,-1.0
tidak relevan,-0.5
tidak resmi,-0.5
tidak sabar,-0.5
tidak sadar,-1.0
tidak sah,-0.5
tidak sehat,-0.5
tidak sempurna,-0.5
tidak senang,-0.5
tidak sengaja,-0.5
tidak senonoh,-0.5
tidak sesuai,-0.5
tidak setara,-0.5
tidak setia,-1.0
tidak setuju,-2.0
tidak siap,-0.5
tidak simpati,-0.5
tidak sopan,-1.0
tidak stabil,-0.5
tidak tahu,-0.5
tidak tahu berterima kasih,-0.5
tidak teratur,-0.5
tidak terbaca,-0.5
tidak terduga,0.0
tidak terikat,-0.5
tidak terinfeksi,0.5
tidak terinspirasi,-0.5
tidak terkendali,-1.0
tidak terkesan,-0.5
tidak termasuk,-0.5
tidak terpengaruh,-0.5
tidak terpenuhi,-0.5
tidak tertarik,-1.0
tidak wajar,-0.5
tidur sebentar,0.5
tikus,-0.5
tindakan,0.5
tindakan merugikan,-0.5
tindakan yg bodoh,-0.5
tinggal,-0.5
tinggi,0.5
tingkat,0.5
tinja,-0.5
tinjauan ke masa depan,0.5
tipu,-0.5
tipu daya,-0.5
tipu muslihat,-0.5
tipuan,-0.5
tiran,-0.5
tiupan,-0.5
toilet,-1.0
toko,0.5
toko buku,0.5
toksin,-0.5
toleran,0.5
toleransi,0.5
tolol,-0.5
tombak,-0.5
tongkat,0.0
tontonan,0.0
topan,-1.0
topangan,-0.5
torpedo,-0.5
tradisional,0.5
tragedi,-0.5
tragis,-0.5
transendensi,0.5
traumatis,-0.5
trigonometri,0.5
troll,-0.5
tua,0.0
tuduhan,-2.0
tugas,0.5
tujuan,0.5
tukang,1.0
tukang daging,-0.5
tukang panir,0.5
tukang sortir,0.5
tulang belakang,0.0
tulang punggung,0.5
tulus,1.0
tumbuh,0.5
tumit,-0.5
tumor,-1.0
tumpukan,-0.5
tumpul,-0.5
tunawisma,-0.5
tungau,-0.5
tunggakan,-0.5
tunggu,-0.5
tuntutan,-0.5
tusukan,-0.5
tutup,-0.5
uang,0.5
uang tunai,0.5
ubin,0.5
ucapan selamat,0.5
ucapan syukur,0.5
ulangan,-0.5
ular,-1.0
ular berbisa,-0.5
ular naga,-0.5
ulet,0.5
ultimatum,-0.5
umpan,-0.5
umum,0.5
umur panjang,0.5
undangan,0.5
unggul,1.5
unik,0.5
upacara,0.5
upah,0.5
upaya,0.5
upeti,0.5
usungan jenazah,-0.5
utama,2.0
utang,-0.5
utopis,0.5
utuh,0.5
vaksin,0.5
vampir,-0.5
varisela,-0.5
varises,-0.5
vegetatif,-0.5
verbositas,-0.5
verifikasi,0.5
vertigo,-0.5
veteran,0.5
vikaris,0.5
virus,-0.5
virus herpes,-0.5
visioner,0.5
vital,0.5
voodoo,-0.5
vulgar,-0.5
wabah,-0.5
wajib,-1.0
wali,0.5
walikota,0.5
wanita cantik,0.5
warga negara,0.5
warisan,0.5
wartawan,0.0
wasir,-0.5
wasit,0.5
waspada,1.5
wiski,-0.5
wot,0.5
xenofobia,-0.5
yang saling melengkapi,0.5
yg beralamat buruk,-0.5
yg berhutang,-0.5
yg diperlukan,-0.5
yg ketinggalan jaman,-0.5
yg menerangkan,0.5
yg mungkin berubah,0.5
yg tak ada bandingannya,0.5
yg tdk berlaku,-0.5
zat,0.0
zat yang lengket dan kental,-0.5
zina,-0.5
zip,-0.5
